source,target,weight
AEROPLANE,AEROPLANE,1.0
AEROPLANE,PRETTY,0.14267932390720972
LADY,PRETTY,0.09224857621304228
LAMP,PRETTY,0.6974160225120096
FACE,PRETTY,0.9485605457900874
CHAIR,PRETTY,0.3312896386561972
LION,PRETTY,0.8184496135072061
PEN,PRETTY,0.18780151829914615
EYE,PRETTY,0.5999168821761609
EMPTY,PRETTY,0.031731780715444025
DOLL,PRETTY,0.09224857621304228
DONKEY,PRETTY,0.48560749260892333
ELEPHANT,PRETTY,0.3312896386561972
LAMB,PRETTY,0.27379896270583615
PENGUIN,PRETTY,0.43416803839900986
BATHROOM,PRETTY,0.6913642920945486
BOOK,PRETTY,0.48560749260892333
KEY,PRETTY,0.27379896270583615
DINNER,PRETTY,0.031731780715444025
DIRTY,PRETTY,0.22841123891338455
SOFA,PRETTY,0.0795082517584964
KITCHEN,PRETTY,0.42845254348679784
ANIMAL,PRETTY,0.5427624417310488
DOG,PRETTY,0.576382431516814
BLUE,PRETTY,0.43416803839900986
KITTEN,PRETTY,0.24194815156947147
KNEE,PRETTY,0.22841123891338455
CRY,PRETTY,0.0355143029802365
OWL,PRETTY,0.6368992270144114
MILK,PRETTY,0.08552437478508423
OUTSIDE,PRETTY,0.4043875427034349
BEDROOM,PRETTY,0.5158661446962283
MONEY,PRETTY,0.31414315391956027
NOSE,PRETTY,0.21616382248393062
MOON,PRETTY,0.771381220865524
CLEAN,PRETTY,0.678504937219083
BABY,PRETTY,0.3631333283143867
MOTORCYCLE,PRETTY,0.16411242982800633
MOUSE,PRETTY,0.05035241143424596
BEE,PRETTY,0.48560749260892333
NIGHT,PRETTY,0.7428037463044612
BIRD,PRETTY,0.09466937011542864
ME,PRETTY,0.08243517928830002
LIVING ROOM,PRETTY,0.48560749260892333
CLOCK,PRETTY,0.29609427616278516
PARTY,PRETTY,0.6974160225120096
BEACH,PRETTY,0.42845254348679784
DUCK,PRETTY,0.4043875427034349
PARK,PRETTY,0.09224857621304228
DRIVE,PRETTY,0.08552437478508423
CHILD,PRETTY,0.17697178470347197
PAPER,PRETTY,0.29609427616278516
BEAR,PRETTY,0.29609427616278516
CHURCH,PRETTY,0.22841123891338455
LOOK,PRETTY,0.1998337643523218
BED,PRETTY,0.0795082517584964
DOOR,PRETTY,0.6368992270144114
DRAW,PRETTY,0.0355143029802365
MAN,PRETTY,0.031731780715444025
BISCUIT,PRETTY,0.1998337643523218
PENNY,PRETTY,0.4553493491986309
PLANT,PRETTY,0.272322782015622
FORK,PRETTY,0.08552437478508423
POLICE,PRETTY,0.37129810304168487
FOOT,PRETTY,0.0795082517584964
BALLOON,PRETTY,0.1998337643523218
CAR,PRETTY,0.37129810304168487
FOOD,PRETTY,0.0795082517584964
PLATE,PRETTY,0.43416803839900986
GOOSE,PRETTY,0.0795082517584964
GRANDMA,PRETTY,0.2132821672082379
GREEN,PRETTY,0.4585341759737602
BROOM,PRETTY,0.14267932390720972
HAIR,PRETTY,0.37129810304168487
BROKEN,PRETTY,0.4553493491986309
DARK,PRETTY,0.6751207090550615
FRIDGE,PRETTY,0.27707026457308803
BUTTERFLY,PRETTY,0.5499068103713141
GIRAFFE,PRETTY,0.1998337643523218
DANCE,PRETTY,0.4585341759737602
GIRL,PRETTY,0.48560749260892333
PRETTY,PRETTY,1.0
APPLE,PRETTY,0.02836993433997126
BUS,PRETTY,0.24194815156947147
GLASS,PRETTY,0.18780151829914615
RABBIT,PRETTY,0.588485892351736
GLASSES,PRETTY,0.5370469468188359
POOL,PRETTY,0.27379896270583615
HAMMER,PRETTY,0.18780151829914615
FLOWER,PRETTY,0.2569887134744473
HAND,PRETTY,0.22841123891338455
DAY,PRETTY,0.18780151829914615
BOWL,PRETTY,0.5126808092440855
CATCH,PRETTY,0.031731780715444025
FALL,PRETTY,0.14267932390720972
PICTURE,PRETTY,0.6209740757847362
JACKET,PRETTY,0.09224857621304228
BOTTLE,PRETTY,0.15276537171064053
JEANS,PRETTY,0.31414315391956027
BOOTS,PRETTY,0.09224857621304228
CUP,PRETTY,0.48560749260892333
PERSON,PRETTY,0.4388448148517412
BATH,PRETTY,0.13365488502882172
DEER,PRETTY,0.3502409094331096
PEOPLE,PRETTY,0.14267932390720972
BASKET,PRETTY,0.6142056194566923
HOUSE,PRETTY,0.8714018731522302
HORSE,PRETTY,0.6368992270144114
HAT,PRETTY,0.4553493491986309
PILLOW,PRETTY,0.6974160225120096
HEAD,PRETTY,0.4585341759737602
FISH,PRETTY,0.4553493491986309
CAT,PRETTY,0.7834134669186987
HER,PRETTY,0.2206172897281835
BOX,PRETTY,0.3502409094331096
AEROPLANE,SEE,0.14267932390720972
LADY,SEE,0.09224857621304228
LAMP,SEE,0.6974160225120096
FACE,SEE,0.9485605457900874
RED,SEE,0.5427624417310488
CHAIR,SEE,0.3312896386561972
LION,SEE,0.8184496135072061
PEN,SEE,0.18780151829914615
EYE,SEE,0.5999168821761609
EMPTY,SEE,0.031731780715444025
DOLL,SEE,0.09224857621304228
DONKEY,SEE,0.48560749260892333
ELEPHANT,SEE,0.3312896386561972
LAMB,SEE,0.27379896270583615
PENGUIN,SEE,0.43416803839900986
BATHROOM,SEE,0.6913642920945486
READ,SEE,0.48560749260892333
BOOK,SEE,0.48560749260892333
KEY,SEE,0.27379896270583615
DINNER,SEE,0.031731780715444025
DIRTY,SEE,0.22841123891338455
SOFA,SEE,0.0795082517584964
KITCHEN,SEE,0.42845254348679784
ANIMAL,SEE,0.5427624417310488
DOG,SEE,0.576382431516814
BLUE,SEE,0.43416803839900986
KITTEN,SEE,0.24194815156947147
KNEE,SEE,0.22841123891338455
CRY,SEE,0.0355143029802365
OWL,SEE,0.6368992270144114
MILK,SEE,0.08552437478508423
OUTSIDE,SEE,0.4043875427034349
BEDROOM,SEE,0.5158661446962283
MONEY,SEE,0.31414315391956027
NOSE,SEE,0.21616382248393062
MOON,SEE,0.771381220865524
CLEAN,SEE,0.678504937219083
SCRATCH,SEE,0.2132821672082379
BABY,SEE,0.3631333283143867
MOTORCYCLE,SEE,0.16411242982800633
MOUSE,SEE,0.05035241143424596
BEE,SEE,0.48560749260892333
NIGHT,SEE,0.7428037463044612
BIRD,SEE,0.09466937011542864
ME,SEE,0.08243517928830002
LIVING ROOM,SEE,0.48560749260892333
CLOCK,SEE,0.29609427616278516
PARTY,SEE,0.6974160225120096
BEACH,SEE,0.42845254348679784
DUCK,SEE,0.4043875427034349
PARK,SEE,0.09224857621304228
DRIVE,SEE,0.08552437478508423
CHILD,SEE,0.17697178470347197
PAPER,SEE,0.29609427616278516
BEAR,SEE,0.29609427616278516
CHURCH,SEE,0.22841123891338455
SEE,SEE,1.0
LOOK,SEE,0.1998337643523218
BED,SEE,0.0795082517584964
ROCKING CHAIR,SEE,0.27379896270583615
DOOR,SEE,0.6368992270144114
DRAW,SEE,0.0355143029802365
MAN,SEE,0.031731780715444025
BISCUIT,SEE,0.1998337643523218
PENNY,SEE,0.4553493491986309
PLANT,SEE,0.272322782015622
PUPPY,SEE,0.5370469468188359
FORK,SEE,0.08552437478508423
POLICE,SEE,0.37129810304168487
FOOT,SEE,0.0795082517584964
BALLOON,SEE,0.1998337643523218
CAR,SEE,0.37129810304168487
FOOD,SEE,0.0795082517584964
PLATE,SEE,0.43416803839900986
GOOSE,SEE,0.0795082517584964
GRANDMA,SEE,0.2132821672082379
GREEN,SEE,0.4585341759737602
BROOM,SEE,0.14267932390720972
HAIR,SEE,0.37129810304168487
BROKEN,SEE,0.4553493491986309
DARK,SEE,0.6751207090550615
FRIDGE,SEE,0.27707026457308803
BUTTERFLY,SEE,0.5499068103713141
GIRAFFE,SEE,0.1998337643523218
DANCE,SEE,0.4585341759737602
GIRL,SEE,0.48560749260892333
PRETTY,SEE,1.0
APPLE,SEE,0.02836993433997126
BUS,SEE,0.24194815156947147
GLASS,SEE,0.18780151829914615
RABBIT,SEE,0.588485892351736
GLASSES,SEE,0.5370469468188359
POOL,SEE,0.27379896270583615
HAMMER,SEE,0.18780151829914615
FLOWER,SEE,0.2569887134744473
HAND,SEE,0.22841123891338455
DAY,SEE,0.18780151829914615
BOWL,SEE,0.5126808092440855
CATCH,SEE,0.031731780715444025
FALL,SEE,0.14267932390720972
RAIN,SEE,0.0355143029802365
PICTURE,SEE,0.6209740757847362
JACKET,SEE,0.09224857621304228
BOTTLE,SEE,0.15276537171064053
JEANS,SEE,0.31414315391956027
BOOTS,SEE,0.09224857621304228
CUP,SEE,0.48560749260892333
PERSON,SEE,0.4388448148517412
BATH,SEE,0.13365488502882172
DEER,SEE,0.3502409094331096
PEOPLE,SEE,0.14267932390720972
BASKET,SEE,0.6142056194566923
HOUSE,SEE,0.8714018731522302
HORSE,SEE,0.6368992270144114
HAT,SEE,0.4553493491986309
PILLOW,SEE,0.6974160225120096
HEAD,SEE,0.4585341759737602
FISH,SEE,0.4553493491986309
CAT,SEE,0.7834134669186987
HER,SEE,0.2206172897281835
PURSE,SEE,0.5999168821761609
BOX,SEE,0.3502409094331096
AEROPLANE,FACE,0.09990925202097412
FACE,FACE,1.0
CHAIR,FACE,0.2866125366501793
EYE,FACE,0.552523444923505
DOLL,FACE,0.04998870737032313
DONKEY,FACE,0.4393697695286187
ELEPHANT,FACE,0.2866125366501793
BATHROOM,FACE,0.6430460800332058
BOOK,FACE,0.4393697695286187
DIRTY,FACE,0.18477438139788482
SOFA,FACE,0.037377078199933855
ANIMAL,FACE,0.49594686156456813
DOG,FACE,0.5292270551059977
BLUE,FACE,0.38845069190247195
BEDROOM,FACE,0.469322198054412
CLEAN,FACE,0.6303164377959227
BABY,FACE,0.31813423375946925
BEE,FACE,0.4393697695286187
BIRD,FACE,0.0523850847761107
CLOCK,FACE,0.2517732480655015
BEACH,FACE,0.38279318616968183
DUCK,FACE,0.35897133299828443
DRIVE,FACE,0.04333266866203722
CHILD,FACE,0.13385530377173804
BEAR,FACE,0.2517732480655015
CHURCH,FACE,0.18477438139788482
BED,FACE,0.037377078199933855
DOOR,FACE,0.5891319121575842
BISCUIT,FACE,0.15648634405692263
BALLOON,FACE,0.15648634405692263
CAR,FACE,0.3262166028107458
BROOM,FACE,0.09990925202097412
BROKEN,FACE,0.40941734100282634
DARK,FACE,0.6269667996687494
BUTTERFLY,FACE,0.503018998069062
DANCE,FACE,0.4125706298031826
BUS,FACE,0.19817445993761584
RABBIT,FACE,0.5412079247809132
DAY,FACE,0.14457516313271768
BOWL,FACE,0.46616941793106825
BOTTLE,FACE,0.10989356442190878
BOOTS,FACE,0.04998870737032313
CUP,FACE,0.4393697695286187
BATH,FACE,0.09097637500483202
DEER,FACE,0.30537254487039966
BASKET,FACE,0.5666677179324928
CAT,FACE,0.7341648846015332
BOX,FACE,0.30537254487039966
AEROPLANE,HOUSE,0.035754907207139475
FACE,HOUSE,0.8212631060632267
CHAIR,HOUSE,0.2195973923181631
EYE,HOUSE,0.48143328904452165
DONKEY,HOUSE,0.3700136935851761
ELEPHANT,HOUSE,0.2195973923181631
BATHROOM,HOUSE,0.5705687619411934
BOOK,HOUSE,0.3700136935851761
DIRTY,HOUSE,0.11931985814015444
ANIMAL,HOUSE,0.425723491314848
DOG,HOUSE,0.45849399048977446
BLUE,HOUSE,0.3198749264961718
BEDROOM,HOUSE,0.39950729544571306
CLEAN,HOUSE,0.5580344516767006
BABY,HOUSE,0.25063533758858636
BEE,HOUSE,0.3700136935851761
CLOCK,HOUSE,0.18529170591957556
BEACH,HOUSE,0.31430389585550333
DUCK,HOUSE,0.2908472727790654
CHILD,HOUSE,0.06918058237413849
BEAR,HOUSE,0.18529170591957556
CHURCH,HOUSE,0.11931985814015444
DOOR,HOUSE,0.5174806855338359
BISCUIT,HOUSE,0.09146470493681225
BALLOON,HOUSE,0.09146470493681225
CAR,HOUSE,0.25859409812583056
GRANDMA,HOUSE,0.10457280287138015
GREEN,HOUSE,0.34362505620881034
BROOM,HOUSE,0.035754907207139475
HAIR,HOUSE,0.25859409812583056
BROKEN,HOUSE,0.34052009172463915
DARK,HOUSE,0.5547356812507758
FRIDGE,HOUSE,0.16674839410667097
BUTTERFLY,HOUSE,0.432687279615684
GIRAFFE,HOUSE,0.09146470493681225
DANCE,HOUSE,0.34362505620881034
GIRL,HOUSE,0.3700136935851761
BUS,HOUSE,0.13251392248983151
GLASS,HOUSE,0.07973613906008659
RABBIT,HOUSE,0.47029122776318477
GLASSES,HOUSE,0.42015246067418044
HAMMER,HOUSE,0.07973613906008659
FLOWER,HOUSE,0.14717450266648502
HAND,HOUSE,0.11931985814015444
DAY,HOUSE,0.07973613906008659
BOWL,HOUSE,0.39640233096154187
FALL,HOUSE,0.035754907207139475
BOTTLE,HOUSE,0.04558610782731787
CUP,HOUSE,0.3700136935851761
BATH,HOUSE,0.026958864307355057
DEER,HOUSE,0.23806948934932048
BASKET,HOUSE,0.49536086564619275
HOUSE,HOUSE,1.0
HORSE,HOUSE,0.5174806855338359
HAT,HOUSE,0.34052009172463915
HEAD,HOUSE,0.34362505620881034
FISH,HOUSE,0.34052009172463915
CAT,HOUSE,0.6602912481102647
HER,HOUSE,0.11172276695878303
BOX,HOUSE,0.23806948934932048
LADY,LADY,1.0
FACE,LADY,0.04998870737032313
LAMP,LAMP,1.0
FACE,LAMP,0.6490367692091699
CHAIR,LAMP,0.06848369486704176
EYE,LAMP,0.32113186739400756
DONKEY,LAMP,0.21362196345257445
ELEPHANT,LAMP,0.06848369486704176
LAMB,LAMP,0.014412854471576253
BATHROOM,LAMP,0.407139485340946
BOOK,LAMP,0.21362196345257445
KEY,LAMP,0.014412854471576253
KITCHEN,LAMP,0.15986701148185745
ANIMAL,LAMP,0.26737691542329056
DOG,LAMP,0.2989972958730016
BLUE,LAMP,0.1652427101497338
BEDROOM,LAMP,0.24208040759271654
CLEAN,LAMP,0.39504467201523585
BABY,LAMP,0.09843307133075996
BEE,LAMP,0.21362196345257445
CLOCK,LAMP,0.03538204695699232
BEACH,LAMP,0.15986701148185745
DUCK,LAMP,0.1372334278116103
BEAR,LAMP,0.03538204695699232
DOOR,LAMP,0.3559146928302992
CAR,LAMP,0.10611205951114133
GREEN,LAMP,0.18815911823891973
HAIR,LAMP,0.10611205951114133
BROKEN,LAMP,0.18516351931243147
DARK,LAMP,0.3918618799481557
FRIDGE,LAMP,0.017489333043047672
BUTTERFLY,LAMP,0.2740965387581369
DANCE,LAMP,0.18815911823891973
GIRL,LAMP,0.21362196345257445
RABBIT,LAMP,0.3103809787352656
GLASSES,LAMP,0.2620017254324267
BOWL,LAMP,0.23908480866622828
JEANS,LAMP,0.05235710754042433
CUP,LAMP,0.21362196345257445
DEER,LAMP,0.08630773738430175
BASKET,LAMP,0.3345706053866859
HOUSE,LAMP,0.5764678892549107
HORSE,LAMP,0.3559146928302992
HAT,LAMP,0.18516351931243147
HEAD,LAMP,0.18815911823891973
FISH,LAMP,0.18516351931243147
CAT,LAMP,0.49371326080277367
BOX,LAMP,0.08630773738430175
LAMP,LION,0.5266653576711544
FACE,LION,0.7688464833123421
CHAIR,LION,0.17360637758891162
LION,LION,1.0
EYE,LION,0.4326460767776741
DONKEY,LION,0.3224162768505163
ELEPHANT,LION,0.17360637758891162
LAMB,LION,0.11816719602987824
BATHROOM,LION,0.5208298149839967
BOOK,LION,0.3224162768505163
KEY,LION,0.11816719602987824
DIRTY,LION,0.07439960852217098
KITCHEN,LION,0.26730163122544415
ANIMAL,LION,0.3775309224755885
DOG,LION,0.4099514518659291
BLUE,LION,0.27281314665565226
KITTEN,LION,0.08745327801640368
KNEE,LION,0.07439960852217098
BEDROOM,LION,0.3515944989633164
CLEAN,LION,0.5084287780967749
BABY,LION,0.20431317412421102
BEE,LION,0.3224162768505163
CLOCK,LION,0.13966693863930946
BEACH,LION,0.26730163122544415
DUCK,LION,0.24409527723914515
CHILD,LION,0.024795969650294403
BEAR,LION,0.13966693863930946
CHURCH,LION,0.07439960852217098
DOOR,LION,0.46830840476854174
BISCUIT,LION,0.046842031371128634
BALLOON,LION,0.046842031371128634
CAR,LION,0.21218647692335857
GRANDMA,LION,0.059810243127264684
GREEN,LION,0.29630944653906344
HAIR,LION,0.21218647692335857
BROKEN,LION,0.29323805473771625
DARK,LION,0.5051656150617223
FRIDGE,LION,0.12132150218425952
BUTTERFLY,LION,0.3844204439326022
GIRAFFE,LION,0.046842031371128634
DANCE,LION,0.29630944653906344
GIRL,LION,0.3224162768505163
BUS,LION,0.08745327801640368
GLASS,LION,0.03523910871648628
RABBIT,LION,0.42162304591725697
GLASSES,LION,0.3720194070453804
HAMMER,LION,0.03523910871648628
FLOWER,LION,0.10195667699620081
HAND,LION,0.07439960852217098
DAY,LION,0.03523910871648628
BOWL,LION,0.3485231071619692
BOTTLE,LION,0.0014532902246520152
JEANS,LION,0.1570718312982864
CUP,LION,0.3224162768505163
DEER,LION,0.19188110793922775
BASKET,LION,0.4464246110146881
HOUSE,LION,0.6944412793430335
HORSE,LION,0.46830840476854174
HAT,LION,0.29323805473771625
HEAD,LION,0.29630944653906344
FISH,LION,0.29323805473771625
CAT,LION,0.6095934449845464
HER,LION,0.06688390566279612
BOX,LION,0.19188110793922775
LAMP,SHIRT,0.5038985006236381
FACE,SHIRT,0.7448842352855003
RED,SHIRT,0.35550012106512874
CHAIR,SHIRT,0.15258173930913532
LION,SHIRT,0.6200360753737248
SHIRT,SHIRT,1.0
PEN,SHIRT,0.014897114987455495
EYE,SHIRT,0.4103431331655383
DONKEY,SHIRT,0.3006576176417326
ELEPHANT,SHIRT,0.15258173930913532
LAMB,SHIRT,0.09741622598281463
PENGUIN,SHIRT,0.2512986524128582
BATHROOM,SHIRT,0.49809144384917925
READ,SHIRT,0.3006576176417326
BOOK,SHIRT,0.3006576176417326
KEY,SHIRT,0.09741622598281463
DIRTY,SHIRT,0.05386482620541155
KITCHEN,SHIRT,0.24581460554132395
ANIMAL,SHIRT,0.35550012106512874
DOG,SHIRT,0.3877609258735504
BLUE,SHIRT,0.2512986524128582
KITTEN,SHIRT,0.0668538937190597
KNEE,SHIRT,0.05386482620541155
OWL,SHIRT,0.4458294589100884
OUTSIDE,SHIRT,0.222722703882833
BEDROOM,SHIRT,0.3296918841600016
MONEY,SHIRT,0.13612909001751916
NOSE,SHIRT,0.042112352509100504
MOON,SHIRT,0.5748716607897517
CLEAN,SHIRT,0.4857519568804669
SCRATCH,SHIRT,0.03934718426926498
BABY,SHIRT,0.18313695009471598
BEE,SHIRT,0.3006576176417326
NIGHT,SHIRT,0.5474504090780536
LIVING ROOM,SHIRT,0.3006576176417326
CLOCK,SHIRT,0.11881016377365139
PARTY,SHIRT,0.5038985006236381
BEACH,SHIRT,0.24581460554132395
DUCK,SHIRT,0.222722703882833
CHILD,SHIRT,0.004505860976538045
PAPER,SHIRT,0.11881016377365139
BEAR,SHIRT,0.11881016377365139
CHURCH,SHIRT,0.05386482620541155
SEE,SHIRT,0.7942432005143747
LOOK,SHIRT,0.02644306581670186
ROCKING CHAIR,SHIRT,0.09741622598281463
DOOR,SHIRT,0.4458294589100884
BISCUIT,SHIRT,0.02644306581670186
PENNY,SHIRT,0.27162284244645196
PLANT,SHIRT,0.09600006918007331
PUPPY,SHIRT,0.3500160741935945
POLICE,SHIRT,0.1909715934409153
BALLOON,SHIRT,0.02644306581670186
CAR,SHIRT,0.1909715934409153
PLATE,SHIRT,0.2512986524128582
GRANDMA,SHIRT,0.03934718426926498
GREEN,SHIRT,0.2746789739374247
HAIR,SHIRT,0.1909715934409153
BROKEN,SHIRT,0.27162284244645196
DARK,SHIRT,0.4825045628328022
FRIDGE,SHIRT,0.10055527182682233
BUTTERFLY,SHIRT,0.3623555611623068
GIRAFFE,SHIRT,0.02644306581670186
DANCE,SHIRT,0.2746789739374247
GIRL,SHIRT,0.3006576176417326
PRETTY,SHIRT,0.7942432005143747
BUS,SHIRT,0.0668538937190597
GLASS,SHIRT,0.014897114987455495
RABBIT,SHIRT,0.39937453074545637
GLASSES,SHIRT,0.3500160741935945
POOL,SHIRT,0.09741622598281463
HAMMER,SHIRT,0.014897114987455495
FLOWER,SHIRT,0.08128607791711051
HAND,SHIRT,0.05386482620541155
DAY,SHIRT,0.014897114987455495
BOWL,SHIRT,0.326635752669028
PICTURE,SHIRT,0.4305482927782105
JEANS,SHIRT,0.13612909001751916
CUP,SHIRT,0.3006576176417326
PERSON,SHIRT,0.2557862010169467
DEER,SHIRT,0.1707664338282422
BASKET,SHIRT,0.4240540133598927
HOUSE,SHIRT,0.6708468047962137
HORSE,SHIRT,0.4458294589100884
HAT,SHIRT,0.27162284244645196
PILLOW,SHIRT,0.5038985006236381
HEAD,SHIRT,0.2746789739374247
FISH,SHIRT,0.27162284244645196
CAT,SHIRT,0.5864176116189963
HER,SHIRT,0.04638625676794739
PURSE,SHIRT,0.4103431331655383
BOX,SHIRT,0.1707664338282422
LAMP,MOON,0.4823967233061559
FACE,MOON,0.7222537036773282
CHAIR,MOON,0.1327255321270222
LION,MOON,0.597990522329904
EYE,MOON,0.38927932675580035
DONKEY,MOON,0.2801075750145987
ELEPHANT,MOON,0.1327255321270222
LAMB,MOON,0.07781842672304151
BATHROOM,MOON,0.47661713509037185
BOOK,MOON,0.2801075750145987
KEY,MOON,0.07781842672304151
DIRTY,MOON,0.034470497750629825
KITCHEN,MOON,0.22552144480549163
ANIMAL,MOON,0.3346931965466933
DOG,MOON,0.36680292428240957
BLUE,MOON,0.23098005782640296
KITTEN,MOON,0.04739903269979262
KNEE,MOON,0.034470497750629825
BEDROOM,MOON,0.30900602477053596
MONEY,MOON,0.11634969306429088
MOON,MOON,1.0
CLEAN,MOON,0.4643351286240689
BABY,MOON,0.1631372959950843
BEE,MOON,0.2801075750145987
LIVING ROOM,MOON,0.2801075750145987
CLOCK,MOON,0.09911164646540627
BEACH,MOON,0.22552144480549163
DUCK,MOON,0.20253789135065947
BEAR,MOON,0.09911164646540627
CHURCH,MOON,0.034470497750629825
LOOK,MOON,0.007177432646076731
DOOR,MOON,0.4245998237942832
BISCUIT,MOON,0.007177432646076731
BALLOON,MOON,0.007177432646076731
CAR,MOON,0.17093531459638545
GRANDMA,MOON,0.020021527211168788
GREEN,MOON,0.25425101379328563
HAIR,MOON,0.17093531459638545
BROKEN,MOON,0.25120912525866235
DARK,MOON,0.46110299488677864
FRIDGE,MOON,0.08094221225667475
BUTTERFLY,MOON,0.3415165899920849
GIRAFFE,MOON,0.007177432646076731
DANCE,MOON,0.25425101379328563
GIRL,MOON,0.2801075750145987
BUS,MOON,0.04739903269979262
RABBIT,MOON,0.37836210071397947
GLASSES,MOON,0.32923458352578283
FLOWER,MOON,0.06176356285518381
HAND,MOON,0.034470497750629825
BOWL,MOON,0.3059641362359127
JEANS,MOON,0.11634969306429088
CUP,MOON,0.2801075750145987
DEER,MOON,0.1508247689080333
BASKET,MOON,0.4029256049695711
HOUSE,MOON,0.64856268223354
HORSE,MOON,0.4245998237942832
HAT,MOON,0.25120912525866235
HEAD,MOON,0.25425101379328563
FISH,MOON,0.25120912525866235
CAT,MOON,0.5645292397720318
HER,MOON,0.027027027027027195
BOX,MOON,0.1508247689080333
LAMP,NIGHT,0.4555192473207983
FACE,NIGHT,0.6939651576593535
CHAIR,NIGHT,0.1079046373031165
LION,NIGHT,0.5704329451788608
EYE,NIGHT,0.3629496959128824
DONKEY,NIGHT,0.2544198945614289
ELEPHANT,NIGHT,0.1079046373031165
LAMB,NIGHT,0.05332054180205947
BATHROOM,NIGHT,0.44977323178783646
BOOK,NIGHT,0.2544198945614289
KEY,NIGHT,0.05332054180205947
DIRTY,NIGHT,0.010227968689912714
KITCHEN,NIGHT,0.20015524822420794
ANIMAL,NIGHT,0.30868454089864894
DOG,NIGHT,0.3406050407857224
BLUE,NIGHT,0.20558130591632118
KITTEN,NIGHT,0.023080202087203183
KNEE,NIGHT,0.010227968689912714
BEDROOM,NIGHT,0.28314844619519786
MONEY,NIGHT,0.09162544687275531
MOON,NIGHT,0.5257441436015551
CLEAN,NIGHT,0.43756396613431914
BABY,NIGHT,0.13813785553979763
BEE,NIGHT,0.2544198945614289
NIGHT,NIGHT,1.0
LIVING ROOM,NIGHT,0.2544198945614289
CLOCK,NIGHT,0.07448913567636772
BEACH,NIGHT,0.20015524822420794
DUCK,NIGHT,0.1773064941776834
BEAR,NIGHT,0.07448913567636772
CHURCH,NIGHT,0.010227968689912714
DOOR,NIGHT,0.39806214405326035
CAR,NIGHT,0.14589009320997537
GREEN,NIGHT,0.22871542776684706
HAIR,NIGHT,0.14589009320997537
BROKEN,NIGHT,0.2256913429276599
DARK,NIGHT,0.43435065344649004
FRIDGE,NIGHT,0.05642652364025569
BUTTERFLY,NIGHT,0.3154677488600548
DANCE,NIGHT,0.22871542776684706
GIRL,NIGHT,0.2544198945614289
BUS,NIGHT,0.023080202087203183
RABBIT,NIGHT,0.35209656317463267
GLASSES,NIGHT,0.3032584832065366
FLOWER,NIGHT,0.03736029185852274
HAND,NIGHT,0.010227968689912714
BOWL,NIGHT,0.2801243613560107
JEANS,NIGHT,0.09162544687275531
CUP,NIGHT,0.2544198945614289
DEER,NIGHT,0.12589756058851886
BASKET,NIGHT,0.3765156031586807
HOUSE,NIGHT,0.6207080377072094
HORSE,NIGHT,0.39806214405326035
HAT,NIGHT,0.2256913429276599
HEAD,NIGHT,0.22871542776684706
FISH,NIGHT,0.2256913429276599
CAT,NIGHT,0.5371685206248182
HER,NIGHT,0.002828244189382545
BOX,NIGHT,0.12589756058851886
LAMP,TREE,0.4555192473207983
FACE,TREE,0.6939651576593535
RED,TREE,0.30868454089864894
CHAIR,TREE,0.1079046373031165
SHOES,TREE,0.14589009320997537
SUN,TREE,0.44977323178783646
LION,TREE,0.5704329451788608
TABLE,TREE,0.4857595870356546
SHIRT,TREE,0.5474504090780536
TRAIN,TREE,0.1773064941776834
EYE,TREE,0.3629496959128824
DONKEY,TREE,0.2544198945614289
ELEPHANT,TREE,0.1079046373031165
LAMB,TREE,0.05332054180205947
TREE,TREE,1.0
PENGUIN,TREE,0.20558130591632118
BATHROOM,TREE,0.44977323178783646
READ,TREE,0.2544198945614289
BOOK,TREE,0.2544198945614289
KEY,TREE,0.05332054180205947
SHORTS,TREE,0.12589756058851886
DIRTY,TREE,0.010227968689912714
KITCHEN,TREE,0.20015524822420794
ANIMAL,TREE,0.30868454089864894
DOG,TREE,0.3406050407857224
BLUE,TREE,0.20558130591632118
KITTEN,TREE,0.023080202087203183
KNEE,TREE,0.010227968689912714
OWL,TREE,0.39806214405326035
OUTSIDE,TREE,0.1773064941776834
BEDROOM,TREE,0.28314844619519786
MONEY,TREE,0.09162544687275531
MOON,TREE,0.5257441436015551
TIGER,TREE,0.2256913429276599
CLEAN,TREE,0.43756396613431914
BABY,TREE,0.13813785553979763
TOAST,TREE,0.05332054180205947
BEE,TREE,0.2544198945614289
TOE,TREE,0.12589756058851886
NIGHT,TREE,0.49861182043294505
LIVING ROOM,TREE,0.2544198945614289
CLOCK,TREE,0.07448913567636772
TV,TREE,0.39806214405326035
PARTY,TREE,0.4555192473207983
BEACH,TREE,0.20015524822420794
DUCK,TREE,0.1773064941776834
PAPER,TREE,0.07448913567636772
BEAR,TREE,0.07448913567636772
TOWEL,TREE,0.10578141945302999
CHURCH,TREE,0.010227968689912714
SEE,TREE,0.7428037463044612
ROCKING CHAIR,TREE,0.05332054180205947
DOOR,TREE,0.39806214405326035
PENNY,TREE,0.2256913429276599
PLANT,TREE,0.05191913663268011
SQUIRREL,TREE,0.10092762339995609
PUPPY,TREE,0.3032584832065366
POLICE,TREE,0.14589009320997537
CAR,TREE,0.14589009320997537
PLATE,TREE,0.20558130591632118
GREEN,TREE,0.22871542776684706
HAIR,TREE,0.14589009320997537
BROKEN,TREE,0.2256913429276599
DARK,TREE,0.43435065344649004
FRIDGE,TREE,0.05642652364025569
BUTTERFLY,TREE,0.3154677488600548
DANCE,TREE,0.22871542776684706
GIRL,TREE,0.2544198945614289
PRETTY,TREE,0.7428037463044612
SPOON,TREE,0.09162544687275531
BUS,TREE,0.023080202087203183
SPIDER,TREE,0.04878466888178501
RABBIT,TREE,0.35209656317463267
GLASSES,TREE,0.3032584832065366
POOL,TREE,0.05332054180205947
FLOWER,TREE,0.03736029185852274
HAND,TREE,0.010227968689912714
BOWL,TREE,0.2801243613560107
PICTURE,TREE,0.3829417198573264
JEANS,TREE,0.09162544687275531
SHOW,TREE,0.221861005023694
CUP,TREE,0.2544198945614289
PERSON,TREE,0.21002154755824876
DEER,TREE,0.12589756058851886
BASKET,TREE,0.3765156031586807
STAR,TREE,0.20015524822420794
HOUSE,TREE,0.6207080377072094
HORSE,TREE,0.39806214405326035
HAT,TREE,0.2256913429276599
SMILE,TREE,0.44977323178783646
PILLOW,TREE,0.4555192473207983
HEAD,TREE,0.22871542776684706
FISH,TREE,0.2256913429276599
CAT,TREE,0.5371685206248182
HER,TREE,0.002828244189382545
SKY,TREE,0.4857595870356546
PURSE,TREE,0.3629496959128824
BOX,TREE,0.12589756058851886
LAMP,TABLE,0.4427875703754651
FACE,TABLE,0.680565587796635
RED,TABLE,0.29636489233342367
CHAIR,TABLE,0.09614758551369285
SHOES,TABLE,0.13402672792494386
SUN,TABLE,0.4370583411839153
LION,TABLE,0.5573792756846281
TABLE,TABLE,1.0
SHIRT,TABLE,0.5344613415644055
EYE,TABLE,0.3504774442439125
DONKEY,TABLE,0.24225234042293486
ELEPHANT,TABLE,0.09614758551369285
LAMB,TABLE,0.041716601793392094
PENGUIN,TABLE,0.19355058589418306
BATHROOM,TABLE,0.4370583411839153
READ,TABLE,0.24225234042293486
BOOK,TABLE,0.24225234042293486
KEY,TABLE,0.041716601793392094
SHORTS,TABLE,0.1140901497748601
KITCHEN,TABLE,0.18813927983543266
ANIMAL,TABLE,0.29636489233342367
DOG,TABLE,0.3281958650663004
BLUE,TABLE,0.19355058589418306
KITTEN,TABLE,0.01156070246260743
OWL,TABLE,0.38549171772088275
OUTSIDE,TABLE,0.1653551277694918
BEDROOM,TABLE,0.2709000124117189
MONEY,TABLE,0.07991366733744165
MOON,TABLE,0.5128161173294048
CLEAN,TABLE,0.4248826482132211
BABY,TABLE,0.12629636336630234
BEE,TABLE,0.24225234042293486
NIGHT,TABLE,0.4857595870356546
LIVING ROOM,TABLE,0.24225234042293486
CLOCK,TABLE,0.06282568045723913
PARTY,TABLE,0.4427875703754651
BEACH,TABLE,0.18813927983543266
DUCK,TABLE,0.1653551277694918
PAPER,TABLE,0.06282568045723913
BEAR,TABLE,0.06282568045723913
SEE,TABLE,0.7292673423253868
ROCKING CHAIR,TABLE,0.041716601793392094
DOOR,TABLE,0.38549171772088275
PENNY,TABLE,0.21360415975713742
PLANT,TABLE,0.040319266040111934
SQUIRREL,TABLE,0.0891904100140195
PUPPY,TABLE,0.29095358627467327
POLICE,TABLE,0.13402672792494386
CAR,TABLE,0.13402672792494386
PLATE,TABLE,0.19355058589418306
GREEN,TABLE,0.21661959708711187
HAIR,TABLE,0.13402672792494386
BROKEN,TABLE,0.21360415975713742
DARK,TABLE,0.4216784917116163
FRIDGE,TABLE,0.044813427445363097
BUTTERFLY,TABLE,0.30312877056835497
DANCE,TABLE,0.21661959708711187
GIRL,TABLE,0.24225234042293486
PRETTY,TABLE,0.7292673423253868
SPOON,TABLE,0.07991366733744165
BUS,TABLE,0.01156070246260743
SPIDER,TABLE,0.037192937121417025
RABBIT,TABLE,0.3396553408034251
GLASSES,TABLE,0.29095358627467327
POOL,TABLE,0.041716601793392094
FLOWER,TABLE,0.025801115426952848
BOWL,TABLE,0.26788457508174446
PICTURE,TABLE,0.3704140223939971
JEANS,TABLE,0.07991366733744165
SHOW,TABLE,0.20978450407043336
CUP,TABLE,0.24225234042293486
PERSON,TABLE,0.19797811061079873
DEER,TABLE,0.1140901497748601
BASKET,TABLE,0.36400570939078847
STAR,TABLE,0.18813927983543266
HOUSE,TABLE,0.6075134646805198
HORSE,TABLE,0.38549171772088275
HAT,TABLE,0.21360415975713742
SMILE,TABLE,0.4370583411839153
PILLOW,TABLE,0.4427875703754651
HEAD,TABLE,0.21661959708711187
FISH,TABLE,0.21360415975713742
CAT,TABLE,0.524207939023869
SKY,TABLE,0.4729434697062498
PURSE,TABLE,0.3504774442439125
BOX,TABLE,0.1140901497748601
LAMP,SKY,0.4427875703754651
FACE,SKY,0.680565587796635
RED,SKY,0.29636489233342367
CHAIR,SKY,0.09614758551369285
SHOES,SKY,0.13402672792494386
LION,SKY,0.5573792756846281
SHIRT,SKY,0.5344613415644055
EYE,SKY,0.3504774442439125
DONKEY,SKY,0.24225234042293486
ELEPHANT,SKY,0.09614758551369285
LAMB,SKY,0.041716601793392094
PENGUIN,SKY,0.19355058589418306
BATHROOM,SKY,0.4370583411839153
READ,SKY,0.24225234042293486
BOOK,SKY,0.24225234042293486
KEY,SKY,0.041716601793392094
SHORTS,SKY,0.1140901497748601
KITCHEN,SKY,0.18813927983543266
ANIMAL,SKY,0.29636489233342367
DOG,SKY,0.3281958650663004
BLUE,SKY,0.19355058589418306
KITTEN,SKY,0.01156070246260743
OWL,SKY,0.38549171772088275
OUTSIDE,SKY,0.1653551277694918
BEDROOM,SKY,0.2709000124117189
MONEY,SKY,0.07991366733744165
MOON,SKY,0.5128161173294048
CLEAN,SKY,0.4248826482132211
BABY,SKY,0.12629636336630234
BEE,SKY,0.24225234042293486
NIGHT,SKY,0.4857595870356546
LIVING ROOM,SKY,0.24225234042293486
CLOCK,SKY,0.06282568045723913
PARTY,SKY,0.4427875703754651
BEACH,SKY,0.18813927983543266
DUCK,SKY,0.1653551277694918
PAPER,SKY,0.06282568045723913
BEAR,SKY,0.06282568045723913
SEE,SKY,0.7292673423253868
ROCKING CHAIR,SKY,0.041716601793392094
DOOR,SKY,0.38549171772088275
PENNY,SKY,0.21360415975713742
PLANT,SKY,0.040319266040111934
PUPPY,SKY,0.29095358627467327
POLICE,SKY,0.13402672792494386
CAR,SKY,0.13402672792494386
PLATE,SKY,0.19355058589418306
GREEN,SKY,0.21661959708711187
HAIR,SKY,0.13402672792494386
BROKEN,SKY,0.21360415975713742
DARK,SKY,0.4216784917116163
FRIDGE,SKY,0.044813427445363097
BUTTERFLY,SKY,0.30312877056835497
DANCE,SKY,0.21661959708711187
GIRL,SKY,0.24225234042293486
PRETTY,SKY,0.7292673423253868
BUS,SKY,0.01156070246260743
RABBIT,SKY,0.3396553408034251
GLASSES,SKY,0.29095358627467327
POOL,SKY,0.041716601793392094
FLOWER,SKY,0.025801115426952848
BOWL,SKY,0.26788457508174446
PICTURE,SKY,0.3704140223939971
JEANS,SKY,0.07991366733744165
SHOW,SKY,0.20978450407043336
CUP,SKY,0.24225234042293486
PERSON,SKY,0.19797811061079873
DEER,SKY,0.1140901497748601
BASKET,SKY,0.36400570939078847
HOUSE,SKY,0.6075134646805198
HORSE,SKY,0.38549171772088275
HAT,SKY,0.21360415975713742
PILLOW,SKY,0.4427875703754651
HEAD,SKY,0.21661959708711187
FISH,SKY,0.21360415975713742
CAT,SKY,0.524207939023869
SKY,SKY,1.0
PURSE,SKY,0.3504774442439125
BOX,SKY,0.1140901497748601
LAMP,WINDOW,0.41283158111058427
FACE,WINDOW,0.6490367692091699
RED,WINDOW,0.26737691542329056
CHAIR,WINDOW,0.06848369486704176
SHOES,WINDOW,0.10611205951114133
SUN,WINDOW,0.407139485340946
LION,WINDOW,0.5266653576711544
TABLE,WINDOW,0.4427875703754651
SHIRT,WINDOW,0.5038985006236381
TRAIN,WINDOW,0.1372334278116103
EYE,WINDOW,0.32113186739400756
DONKEY,WINDOW,0.21362196345257445
ELEPHANT,WINDOW,0.06848369486704176
LAMB,WINDOW,0.014412854471576253
TREE,WINDOW,0.4555192473207983
PENGUIN,WINDOW,0.1652427101497338
BATHROOM,WINDOW,0.407139485340946
READ,WINDOW,0.21362196345257445
BOOK,WINDOW,0.21362196345257445
KEY,WINDOW,0.014412854471576253
SHORTS,WINDOW,0.08630773738430175
KITCHEN,WINDOW,0.15986701148185745
ANIMAL,WINDOW,0.26737691542329056
DOG,WINDOW,0.2989972958730016
BLUE,WINDOW,0.1652427101497338
OWL,WINDOW,0.3559146928302992
OUTSIDE,WINDOW,0.1372334278116103
BEDROOM,WINDOW,0.24208040759271654
MONEY,WINDOW,0.05235710754042433
MOON,WINDOW,0.4823967233061559
TIGER,WINDOW,0.18516351931243147
CLEAN,WINDOW,0.39504467201523585
BABY,WINDOW,0.09843307133075996
TOAST,WINDOW,0.014412854471576253
BEE,WINDOW,0.21362196345257445
TOE,WINDOW,0.08630773738430175
NIGHT,WINDOW,0.4555192473207983
LIVING ROOM,WINDOW,0.21362196345257445
CLOCK,WINDOW,0.03538204695699232
TV,WINDOW,0.3559146928302992
PARTY,WINDOW,0.41283158111058427
BEACH,WINDOW,0.15986701148185745
DUCK,WINDOW,0.1372334278116103
PAPER,WINDOW,0.03538204695699232
BEAR,WINDOW,0.03538204695699232
TOWEL,WINDOW,0.06638031542044232
SEE,WINDOW,0.6974160225120096
ROCKING CHAIR,WINDOW,0.014412854471576253
DOOR,WINDOW,0.3559146928302992
PENNY,WINDOW,0.18516351931243147
PLANT,WINDOW,0.013024674904521305
SQUIRREL,WINDOW,0.06157230029849181
PUPPY,WINDOW,0.2620017254324267
POLICE,WINDOW,0.10611205951114133
WALL,WINDOW,0.15986701148185745
CAR,WINDOW,0.10611205951114133
PLATE,WINDOW,0.1652427101497338
GREEN,WINDOW,0.18815911823891973
HAIR,WINDOW,0.10611205951114133
BROKEN,WINDOW,0.18516351931243147
DARK,WINDOW,0.3918618799481557
FRIDGE,WINDOW,0.017489333043047672
BUTTERFLY,WINDOW,0.2740965387581369
DANCE,WINDOW,0.18815911823891973
GIRL,WINDOW,0.21362196345257445
PRETTY,WINDOW,0.6974160225120096
SPOON,WINDOW,0.05235710754042433
WINDOW,WINDOW,1.0
SPIDER,WINDOW,0.009919201743337602
RABBIT,WINDOW,0.3103809787352656
GLASSES,WINDOW,0.2620017254324267
POOL,WINDOW,0.014412854471576253
BOWL,WINDOW,0.23908480866622828
PICTURE,WINDOW,0.34093618952084714
JEANS,WINDOW,0.05235710754042433
SHOW,WINDOW,0.1813692974763521
CUP,WINDOW,0.21362196345257445
PERSON,WINDOW,0.16964073159962645
DEER,WINDOW,0.08630773738430175
BASKET,WINDOW,0.3345706053866859
STAR,WINDOW,0.15986701148185745
HOUSE,WINDOW,0.5764678892549107
HORSE,WINDOW,0.3559146928302992
HAT,WINDOW,0.18516351931243147
SMILE,WINDOW,0.407139485340946
PILLOW,WINDOW,0.41283158111058427
HEAD,WINDOW,0.18815911823891973
FISH,WINDOW,0.18516351931243147
CAT,WINDOW,0.49371326080277367
SKY,WINDOW,0.4427875703754651
PURSE,WINDOW,0.32113186739400756
BOX,WINDOW,0.08630773738430175
LAMP,PARTY,0.41283158111058427
FACE,PARTY,0.6490367692091699
CHAIR,PARTY,0.06848369486704176
LION,PARTY,0.5266653576711544
EYE,PARTY,0.32113186739400756
DONKEY,PARTY,0.21362196345257445
ELEPHANT,PARTY,0.06848369486704176
LAMB,PARTY,0.014412854471576253
BATHROOM,PARTY,0.407139485340946
BOOK,PARTY,0.21362196345257445
KEY,PARTY,0.014412854471576253
KITCHEN,PARTY,0.15986701148185745
ANIMAL,PARTY,0.26737691542329056
DOG,PARTY,0.2989972958730016
BLUE,PARTY,0.1652427101497338
OWL,PARTY,0.3559146928302992
OUTSIDE,PARTY,0.1372334278116103
BEDROOM,PARTY,0.24208040759271654
MONEY,PARTY,0.05235710754042433
MOON,PARTY,0.4823967233061559
CLEAN,PARTY,0.39504467201523585
BABY,PARTY,0.09843307133075996
BEE,PARTY,0.21362196345257445
NIGHT,PARTY,0.4555192473207983
LIVING ROOM,PARTY,0.21362196345257445
CLOCK,PARTY,0.03538204695699232
PARTY,PARTY,1.0
BEACH,PARTY,0.15986701148185745
DUCK,PARTY,0.1372334278116103
PAPER,PARTY,0.03538204695699232
BEAR,PARTY,0.03538204695699232
DOOR,PARTY,0.3559146928302992
CAR,PARTY,0.10611205951114133
GREEN,PARTY,0.18815911823891973
HAIR,PARTY,0.10611205951114133
BROKEN,PARTY,0.18516351931243147
DARK,PARTY,0.3918618799481557
FRIDGE,PARTY,0.017489333043047672
BUTTERFLY,PARTY,0.2740965387581369
DANCE,PARTY,0.18815911823891973
GIRL,PARTY,0.21362196345257445
RABBIT,PARTY,0.3103809787352656
GLASSES,PARTY,0.2620017254324267
BOWL,PARTY,0.23908480866622828
JEANS,PARTY,0.05235710754042433
CUP,PARTY,0.21362196345257445
DEER,PARTY,0.08630773738430175
BASKET,PARTY,0.3345706053866859
HOUSE,PARTY,0.5764678892549107
HORSE,PARTY,0.3559146928302992
HAT,PARTY,0.18516351931243147
HEAD,PARTY,0.18815911823891973
FISH,PARTY,0.18516351931243147
CAT,PARTY,0.49371326080277367
BOX,PARTY,0.08630773738430175
LAMP,PILLOW,0.41283158111058427
FACE,PILLOW,0.6490367692091699
CHAIR,PILLOW,0.06848369486704176
LION,PILLOW,0.5266653576711544
EYE,PILLOW,0.32113186739400756
DONKEY,PILLOW,0.21362196345257445
ELEPHANT,PILLOW,0.06848369486704176
LAMB,PILLOW,0.014412854471576253
PENGUIN,PILLOW,0.1652427101497338
BATHROOM,PILLOW,0.407139485340946
BOOK,PILLOW,0.21362196345257445
KEY,PILLOW,0.014412854471576253
KITCHEN,PILLOW,0.15986701148185745
ANIMAL,PILLOW,0.26737691542329056
DOG,PILLOW,0.2989972958730016
BLUE,PILLOW,0.1652427101497338
OWL,PILLOW,0.3559146928302992
OUTSIDE,PILLOW,0.1372334278116103
BEDROOM,PILLOW,0.24208040759271654
MONEY,PILLOW,0.05235710754042433
MOON,PILLOW,0.4823967233061559
CLEAN,PILLOW,0.39504467201523585
BABY,PILLOW,0.09843307133075996
BEE,PILLOW,0.21362196345257445
NIGHT,PILLOW,0.4555192473207983
LIVING ROOM,PILLOW,0.21362196345257445
CLOCK,PILLOW,0.03538204695699232
PARTY,PILLOW,0.41283158111058427
BEACH,PILLOW,0.15986701148185745
DUCK,PILLOW,0.1372334278116103
PAPER,PILLOW,0.03538204695699232
BEAR,PILLOW,0.03538204695699232
DOOR,PILLOW,0.3559146928302992
PENNY,PILLOW,0.18516351931243147
CAR,PILLOW,0.10611205951114133
GREEN,PILLOW,0.18815911823891973
HAIR,PILLOW,0.10611205951114133
BROKEN,PILLOW,0.18516351931243147
DARK,PILLOW,0.3918618799481557
FRIDGE,PILLOW,0.017489333043047672
BUTTERFLY,PILLOW,0.2740965387581369
DANCE,PILLOW,0.18815911823891973
GIRL,PILLOW,0.21362196345257445
RABBIT,PILLOW,0.3103809787352656
GLASSES,PILLOW,0.2620017254324267
BOWL,PILLOW,0.23908480866622828
PICTURE,PILLOW,0.34093618952084714
JEANS,PILLOW,0.05235710754042433
CUP,PILLOW,0.21362196345257445
PERSON,PILLOW,0.16964073159962645
DEER,PILLOW,0.08630773738430175
BASKET,PILLOW,0.3345706053866859
HOUSE,PILLOW,0.5764678892549107
HORSE,PILLOW,0.3559146928302992
HAT,PILLOW,0.18516351931243147
PILLOW,PILLOW,1.0
HEAD,PILLOW,0.18815911823891973
FISH,PILLOW,0.18516351931243147
CAT,PILLOW,0.49371326080277367
BOX,PILLOW,0.08630773738430175
LAMP,SUN,0.407139485340946
FACE,SUN,0.6430460800332058
RED,SUN,0.26186946940918165
CHAIR,SUN,0.06322753529709857
SHOES,SUN,0.10080859297903633
SUN,SUN,1.0
LION,SUN,0.5208298149839967
SHIRT,SUN,0.49809144384917925
EYE,SUN,0.3155562586602265
DONKEY,SUN,0.20818217148112517
ELEPHANT,SUN,0.06322753529709857
LAMB,SUN,0.009224857621304317
PENGUIN,SUN,0.15986395941978238
BATHROOM,SUN,0.40145501972649456
READ,SUN,0.20818217148112517
BOOK,SUN,0.20818217148112517
KEY,SUN,0.009224857621304317
SHORTS,SUN,0.08102919602580805
KITCHEN,SUN,0.1544953822300803
ANIMAL,SUN,0.26186946940918165
DOG,SUN,0.29344966437490694
BLUE,SUN,0.15986395941978238
OWL,SUN,0.3502948291964323
OUTSIDE,SUN,0.13189028447253293
BEDROOM,SUN,0.2366050082303941
MONEY,SUN,0.04712180372799235
MOON,SUN,0.47661713509037185
CLEAN,SUN,0.38937546671115886
BABY,SUN,0.09313876098488016
BEE,SUN,0.20818217148112517
NIGHT,SUN,0.44977323178783646
LIVING ROOM,SUN,0.20818217148112517
CLOCK,SUN,0.030168107579084058
PARTY,SUN,0.407139485340946
BEACH,SUN,0.1544953822300803
DUCK,SUN,0.13189028447253293
PAPER,SUN,0.030168107579084058
BEAR,SUN,0.030168107579084058
SEE,SUN,0.6913642920945486
ROCKING CHAIR,SUN,0.009224857621304317
DOOR,SUN,0.3502948291964323
PENNY,SUN,0.17975984340886786
PLANT,SUN,0.007838712762299416
SQUIRREL,SUN,0.05632529691477206
PUPPY,SUN,0.25650038354246707
POLICE,SUN,0.10080859297903633
CAR,SUN,0.10080859297903633
PLATE,SUN,0.15986395941978238
GREEN,SUN,0.18275188159626943
HAIR,SUN,0.10080859297903633
BROKEN,SUN,0.17975984340886786
DARK,SUN,0.3861967440601788
FRIDGE,SUN,0.012297775453689042
BUTTERFLY,SUN,0.26857993655780277
DANCE,SUN,0.18275188159626943
GIRL,SUN,0.20818217148112517
PRETTY,SUN,0.6913642920945486
SPOON,SUN,0.04712180372799235
SPIDER,SUN,0.004737309017215807
RABBIT,SUN,0.30481859560380986
GLASSES,SUN,0.25650038354246707
POOL,SUN,0.009224857621304317
BOWL,SUN,0.23361297004299342
PICTURE,SUN,0.3353356556134548
JEANS,SUN,0.04712180372799235
SHOW,SUN,0.1759701996659011
CUP,SUN,0.20818217148112517
PERSON,SUN,0.1642568940995499
DEER,SUN,0.08102919602580805
BASKET,SUN,0.32897770163448126
STAR,SUN,0.1544953822300803
HOUSE,SUN,0.5705687619411934
HORSE,SUN,0.3502948291964323
HAT,SUN,0.17975984340886786
SMILE,SUN,0.40145501972649456
PILLOW,SUN,0.407139485340946
HEAD,SUN,0.18275188159626943
FISH,SUN,0.17975984340886786
CAT,SUN,0.4879194296306393
SKY,SUN,0.4370583411839153
PURSE,SUN,0.3155562586602265
BOX,SUN,0.08102919602580805
LAMP,SMILE,0.407139485340946
FACE,SMILE,0.6430460800332058
RED,SMILE,0.26186946940918165
CHAIR,SMILE,0.06322753529709857
SHOES,SMILE,0.10080859297903633
LION,SMILE,0.5208298149839967
SHIRT,SMILE,0.49809144384917925
EYE,SMILE,0.3155562586602265
DONKEY,SMILE,0.20818217148112517
ELEPHANT,SMILE,0.06322753529709857
LAMB,SMILE,0.009224857621304317
PENGUIN,SMILE,0.15986395941978238
BATHROOM,SMILE,0.40145501972649456
READ,SMILE,0.20818217148112517
BOOK,SMILE,0.20818217148112517
KEY,SMILE,0.009224857621304317
SHORTS,SMILE,0.08102919602580805
KITCHEN,SMILE,0.1544953822300803
ANIMAL,SMILE,0.26186946940918165
DOG,SMILE,0.29344966437490694
BLUE,SMILE,0.15986395941978238
OWL,SMILE,0.3502948291964323
OUTSIDE,SMILE,0.13189028447253293
BEDROOM,SMILE,0.2366050082303941
MONEY,SMILE,0.04712180372799235
MOON,SMILE,0.47661713509037185
CLEAN,SMILE,0.38937546671115886
BABY,SMILE,0.09313876098488016
BEE,SMILE,0.20818217148112517
NIGHT,SMILE,0.44977323178783646
LIVING ROOM,SMILE,0.20818217148112517
CLOCK,SMILE,0.030168107579084058
PARTY,SMILE,0.407139485340946
BEACH,SMILE,0.1544953822300803
DUCK,SMILE,0.13189028447253293
PAPER,SMILE,0.030168107579084058
BEAR,SMILE,0.030168107579084058
SEE,SMILE,0.6913642920945486
ROCKING CHAIR,SMILE,0.009224857621304317
DOOR,SMILE,0.3502948291964323
PENNY,SMILE,0.17975984340886786
PLANT,SMILE,0.007838712762299416
PUPPY,SMILE,0.25650038354246707
POLICE,SMILE,0.10080859297903633
CAR,SMILE,0.10080859297903633
PLATE,SMILE,0.15986395941978238
GREEN,SMILE,0.18275188159626943
HAIR,SMILE,0.10080859297903633
BROKEN,SMILE,0.17975984340886786
DARK,SMILE,0.3861967440601788
FRIDGE,SMILE,0.012297775453689042
BUTTERFLY,SMILE,0.26857993655780277
DANCE,SMILE,0.18275188159626943
GIRL,SMILE,0.20818217148112517
PRETTY,SMILE,0.6913642920945486
RABBIT,SMILE,0.30481859560380986
GLASSES,SMILE,0.25650038354246707
POOL,SMILE,0.009224857621304317
BOWL,SMILE,0.23361297004299342
PICTURE,SMILE,0.3353356556134548
JEANS,SMILE,0.04712180372799235
SHOW,SMILE,0.1759701996659011
CUP,SMILE,0.20818217148112517
PERSON,SMILE,0.1642568940995499
DEER,SMILE,0.08102919602580805
BASKET,SMILE,0.32897770163448126
HOUSE,SMILE,0.5705687619411934
HORSE,SMILE,0.3502948291964323
HAT,SMILE,0.17975984340886786
SMILE,SMILE,1.0
PILLOW,SMILE,0.407139485340946
HEAD,SMILE,0.18275188159626943
FISH,SMILE,0.17975984340886786
CAT,SMILE,0.4879194296306393
SKY,SMILE,0.4370583411839153
PURSE,SMILE,0.3155562586602265
BOX,SMILE,0.08102919602580805
LAMP,OWL,0.3559146928302992
FACE,OWL,0.5891319121575842
CHAIR,OWL,0.015922607844613523
LION,OWL,0.46830840476854174
EYE,OWL,0.26537476270217386
DONKEY,OWL,0.15922506109210932
ELEPHANT,OWL,0.015922607844613523
KITCHEN,OWL,0.10615021028707705
DOG,OWL,0.24352047221504414
OWL,OWL,1.0
OUTSIDE,OWL,0.08380250309784287
MONEY,OWL,0.0
MOON,OWL,0.4245998237942832
CLEAN,OWL,0.3383531276514784
NIGHT,OWL,0.39806214405326035
LIVING ROOM,OWL,0.15922506109210932
DUCK,OWL,0.08380250309784287
DOOR,OWL,0.2997175825226721
CAR,OWL,0.05307485080503227
GREEN,OWL,0.13408420842735413
HAIR,OWL,0.05307485080503227
BROKEN,OWL,0.13112625159978908
DARK,OWL,0.335210521068384
BUTTERFLY,OWL,0.21893407749389127
DANCE,OWL,0.13408420842735413
GIRL,OWL,0.15922506109210932
RABBIT,OWL,0.25475969080576455
GLASSES,OWL,0.20699237594893738
CUP,OWL,0.15922506109210932
DEER,OWL,0.03352130644534501
HOUSE,OWL,0.5174806855338359
HORSE,OWL,0.2997175825226721
HAT,OWL,0.13112625159978908
HEAD,OWL,0.13408420842735413
FISH,OWL,0.13112625159978908
CAT,OWL,0.4357734230503931
BOX,OWL,0.03352130644534501
LAMP,TV,0.3559146928302992
FACE,TV,0.5891319121575842
RED,TV,0.2122999118971416
CHAIR,TV,0.015922607844613523
SHOES,TV,0.05307485080503227
SUN,TV,0.3502948291964323
LION,TV,0.46830840476854174
TABLE,TV,0.38549171772088275
SHIRT,TV,0.4458294589100884
EYE,TV,0.26537476270217386
DONKEY,TV,0.15922506109210932
ELEPHANT,TV,0.015922607844613523
PENGUIN,TV,0.11145774623528126
BATHROOM,TV,0.3502948291964323
READ,TV,0.15922506109210932
BOOK,TV,0.15922506109210932
SHORTS,TV,0.03352130644534501
KITCHEN,TV,0.10615021028707705
ANIMAL,TV,0.2122999118971416
DOG,TV,0.24352047221504414
BLUE,TV,0.11145774623528126
OWL,TV,0.2997175825226721
OUTSIDE,TV,0.08380250309784287
BEDROOM,TV,0.18732336190741705
MOON,TV,0.4245998237942832
CLEAN,TV,0.3383531276514784
BABY,TV,0.04549301993403532
BEE,TV,0.15922506109210932
NIGHT,TV,0.39806214405326035
LIVING ROOM,TV,0.15922506109210932
TV,TV,1.0
PARTY,TV,0.3559146928302992
BEACH,TV,0.10615021028707705
DUCK,TV,0.08380250309784287
SEE,TV,0.6368992270144114
DOOR,TV,0.2997175825226721
PENNY,TV,0.13112625159978908
SQUIRREL,TV,0.009098705722209388
PUPPY,TV,0.20699237594893738
POLICE,TV,0.05307485080503227
CAR,TV,0.05307485080503227
PLATE,TV,0.11145774623528126
GREEN,TV,0.13408420842735413
HAIR,TV,0.05307485080503227
BROKEN,TV,0.13112625159978908
DARK,TV,0.335210521068384
BUTTERFLY,TV,0.21893407749389127
DANCE,TV,0.13408420842735413
GIRL,TV,0.15922506109210932
PRETTY,TV,0.6368992270144114
SPOON,TV,0.0
RABBIT,TV,0.25475969080576455
GLASSES,TV,0.20699237594893738
BOWL,TV,0.1843659137568645
PICTURE,TV,0.28492881573887363
SHOW,TV,0.12737984540288227
CUP,TV,0.15922506109210932
PERSON,TV,0.11579981321380117
DEER,TV,0.03352130644534501
BASKET,TV,0.27864360257268483
STAR,TV,0.10615021028707705
HOUSE,TV,0.5174806855338359
HORSE,TV,0.2997175825226721
HAT,TV,0.13112625159978908
SMILE,TV,0.3502948291964323
PILLOW,TV,0.3559146928302992
HEAD,TV,0.13408420842735413
FISH,TV,0.13112625159978908
CAT,TV,0.4357734230503931
SKY,TV,0.38549171772088275
PURSE,TV,0.26537476270217386
BOX,TV,0.03352130644534501
LAMP,PICTURE,0.34093618952084714
FACE,PICTURE,0.5733675028638512
CHAIR,PICTURE,0.0020906625212884222
LION,PICTURE,0.4529514457618049
EYE,PICTURE,0.25070197427722096
DONKEY,PICTURE,0.1449098726069291
ELEPHANT,PICTURE,0.0020906625212884222
PENGUIN,PICTURE,0.09730329968604412
BATHROOM,PICTURE,0.3353356556134548
BOOK,PICTURE,0.1449098726069291
KITCHEN,PICTURE,0.09201407611028944
ANIMAL,PICTURE,0.1978061777805813
DOG,PICTURE,0.228921441956901
BLUE,PICTURE,0.09730329968604412
OWL,PICTURE,0.28492881573887363
OUTSIDE,PICTURE,0.06974216179591419
BEDROOM,PICTURE,0.17291355949791587
MOON,PICTURE,0.4093898724441525
CLEAN,PICTURE,0.3234341395524858
BABY,PICTURE,0.031561373916263236
BEE,PICTURE,0.1449098726069291
NIGHT,PICTURE,0.3829417198573264
LIVING ROOM,PICTURE,0.1449098726069291
PARTY,PICTURE,0.34093618952084714
BEACH,PICTURE,0.09201407611028944
DUCK,PICTURE,0.06974216179591419
DOOR,PICTURE,0.28492881573887363
PENNY,PICTURE,0.11690618571594236
CAR,PICTURE,0.039117770936637264
GREEN,PICTURE,0.11985396900325807
HAIR,PICTURE,0.039117770936637264
BROKEN,PICTURE,0.11690618571594236
DARK,PICTURE,0.3203017065096416
BUTTERFLY,PICTURE,0.20441796158878134
DANCE,PICTURE,0.11985396900325807
GIRL,PICTURE,0.1449098726069291
RABBIT,PICTURE,0.2401225097716857
GLASSES,PICTURE,0.19251644552781322
BOWL,PICTURE,0.16996577621060016
PICTURE,PICTURE,1.0
CUP,PICTURE,0.1449098726069291
PERSON,PICTURE,0.1016316323852271
DEER,PICTURE,0.019629845911558697
BASKET,PICTURE,0.26392605057063356
HOUSE,PICTURE,0.5019578978210308
HORSE,PICTURE,0.28492881573887363
HAT,PICTURE,0.11690618571594236
HEAD,PICTURE,0.11985396900325807
FISH,PICTURE,0.11690618571594236
CAT,PICTURE,0.4205258296013392
BOX,PICTURE,0.019629845911558697
LAMP,PURSE,0.32113186739400756
FACE,PURSE,0.552523444923505
LION,PURSE,0.4326460767776741
EYE,PURSE,0.23130103302127658
DONKEY,PURSE,0.125982509649603
PENGUIN,PURSE,0.07858907239694712
BATHROOM,PURSE,0.3155562586602265
BOOK,PURSE,0.125982509649603
KITCHEN,PURSE,0.0733227392867537
ANIMAL,PURSE,0.1786417713354398
DOG,PURSE,0.20961765801034016
BLUE,PURSE,0.07858907239694712
OWL,PURSE,0.26537476270217386
OUTSIDE,PURSE,0.05115052566682454
BEDROOM,PURSE,0.15386106199551985
MOON,PURSE,0.38927932675580035
CLEAN,PURSE,0.30370764500855607
BABY,PURSE,0.013140653263365998
BEE,PURSE,0.125982509649603
NIGHT,PURSE,0.3629496959128824
LIVING ROOM,PURSE,0.125982509649603
PARTY,PURSE,0.32113186739400756
BEACH,PURSE,0.0733227392867537
DUCK,PURSE,0.05115052566682454
DOOR,PURSE,0.26537476270217386
PENNY,PURSE,0.09810395730368615
PUPPY,PURSE,0.17337594690225888
POLICE,PURSE,0.020663477600916913
CAR,PURSE,0.020663477600916913
PLATE,PURSE,0.07858907239694712
GREEN,PURSE,0.10103851498867655
HAIR,PURSE,0.020663477600916913
BROKEN,PURSE,0.09810395730368615
DARK,PURSE,0.300589963599073
BUTTERFLY,PURSE,0.18522405187691593
DANCE,PURSE,0.10103851498867655
GIRL,PURSE,0.125982509649603
PRETTY,PURSE,0.5999168821761609
RABBIT,PURSE,0.22076938415491476
GLASSES,PURSE,0.17337594690225888
BOWL,PURSE,0.15092599563351694
PICTURE,PURSE,0.25070197427722096
CUP,PURSE,0.125982509649603
PERSON,PURSE,0.08289756669264303
DEER,PURSE,0.0012625363449725313
BASKET,PURSE,0.24446610278124226
HOUSE,PURSE,0.48143328904452165
HORSE,PURSE,0.26537476270217386
HAT,PURSE,0.09810395730368615
PILLOW,PURSE,0.32113186739400756
HEAD,PURSE,0.10103851498867655
FISH,PURSE,0.09810395730368615
CAT,PURSE,0.4003654335657645
PURSE,PURSE,1.0
BOX,PURSE,0.0012625363449725313
LAMP,YELLOW,0.2989972958730016
FACE,YELLOW,0.5292270551059977
RED,YELLOW,0.15722290837099173
SHOES,YELLOW,3.815077593660732e-05
SUN,YELLOW,0.29344966437490694
LION,YELLOW,0.4099514518659291
TABLE,YELLOW,0.3281958650663004
SHIRT,YELLOW,0.3877609258735504
TRAIN,YELLOW,0.03037208706108796
EYE,YELLOW,0.20961765801034016
DONKEY,YELLOW,0.10482765005463168
TREE,YELLOW,0.3406050407857224
PENGUIN,YELLOW,0.05767227364381622
BATHROOM,YELLOW,0.29344966437490694
READ,YELLOW,0.10482765005463168
BOOK,YELLOW,0.10482765005463168
KITCHEN,YELLOW,0.052432900415284145
ANIMAL,YELLOW,0.15722290837099173
DOG,YELLOW,0.18804364855708666
BLUE,YELLOW,0.05767227364381622
OWL,YELLOW,0.24352047221504414
OUTSIDE,YELLOW,0.03037208706108796
BEDROOM,YELLOW,0.13256631622211668
MOON,YELLOW,0.36680292428240957
TIGER,YELLOW,0.0770894925641592
CLEAN,YELLOW,0.2816610746107093
BEE,YELLOW,0.10482765005463168
NIGHT,YELLOW,0.3406050407857224
LIVING ROOM,YELLOW,0.10482765005463168
TV,YELLOW,0.24352047221504414
PARTY,YELLOW,0.2989972958730016
BEACH,YELLOW,0.052432900415284145
DUCK,YELLOW,0.03037208706108796
SEE,YELLOW,0.576382431516814
DOOR,YELLOW,0.24352047221504414
PENNY,YELLOW,0.0770894925641592
PUPPY,YELLOW,0.15198353514245966
POLICE,YELLOW,3.815077593660732e-05
WALL,YELLOW,0.052432900415284145
CAR,YELLOW,3.815077593660732e-05
PLATE,YELLOW,0.05767227364381622
GREEN,YELLOW,0.08000929861578854
HAIR,YELLOW,3.815077593660732e-05
BROKEN,YELLOW,0.0770894925641592
DARK,YELLOW,0.2785586535116007
BUTTERFLY,YELLOW,0.16377212490665816
YELLOW,YELLOW,1.0
DANCE,YELLOW,0.08000929861578854
GIRL,YELLOW,0.10482765005463168
PRETTY,YELLOW,0.576382431516814
WINDOW,YELLOW,0.2989972958730016
RABBIT,YELLOW,0.199138911553276
GLASSES,YELLOW,0.15198353514245966
BOWL,YELLOW,0.12964651017048823
PICTURE,YELLOW,0.228921441956901
SHOW,YELLOW,0.07339090200642584
CUP,YELLOW,0.10482765005463168
PERSON,YELLOW,0.06195940350498841
BASKET,YELLOW,0.22271659975868374
STAR,YELLOW,0.052432900415284145
HOUSE,YELLOW,0.45849399048977446
HORSE,YELLOW,0.24352047221504414
HAT,YELLOW,0.0770894925641592
SMILE,YELLOW,0.29344966437490694
PILLOW,YELLOW,0.2989972958730016
HEAD,YELLOW,0.08000929861578854
FISH,YELLOW,0.0770894925641592
CAT,YELLOW,0.37783307662100096
SKY,YELLOW,0.3281958650663004
PURSE,YELLOW,0.20961765801034016
LAMP,RED,0.26737691542329056
FACE,RED,0.49594686156456813
RED,RED,1.0
LION,RED,0.3775309224755885
EYE,RED,0.1786417713354398
DONKEY,RED,0.07460714874326246
PENGUIN,RED,0.027791568576782666
BATHROOM,RED,0.26186946940918165
READ,RED,0.07460714874326246
BOOK,RED,0.07460714874326246
KITCHEN,RED,0.0225898374471738
ANIMAL,RED,0.12662446003935113
DOG,RED,0.15722290837099173
BLUE,RED,0.027791568576782666
OWL,RED,0.2122999118971416
OUTSIDE,RED,0.0006882399978840326
BEDROOM,RED,0.10214590484484276
MOON,RED,0.3346931965466933
CLEAN,RED,0.25016532002905567
BEE,RED,0.07460714874326246
NIGHT,RED,0.30868454089864894
LIVING ROOM,RED,0.07460714874326246
PARTY,RED,0.26737691542329056
BEACH,RED,0.0225898374471738
DUCK,RED,0.0006882399978840326
DOOR,RED,0.2122999118971416
PENNY,RED,0.04706890131869379
PUPPY,RED,0.12142272890974226
PLATE,RED,0.027791568576782666
GREEN,RED,0.04996734293579941
BROKEN,RED,0.04706890131869379
DARK,RED,0.24708528071849578
BUTTERFLY,RED,0.13312687828986824
DANCE,RED,0.04996734293579941
GIRL,RED,0.07460714874326246
PRETTY,RED,0.5427624417310488
RABBIT,RED,0.16823830907622206
GLASSES,RED,0.12142272890974226
BOWL,RED,0.09924695455072641
PICTURE,RED,0.1978061777805813
CUP,RED,0.07460714874326246
PERSON,RED,0.03204766914019341
BASKET,RED,0.1916460991594624
HOUSE,RED,0.425723491314848
HORSE,RED,0.2122999118971416
HAT,RED,0.04706890131869379
PILLOW,RED,0.26737691542329056
HEAD,RED,0.04996734293579941
FISH,RED,0.04706890131869379
CAT,RED,0.34564450394835067
PURSE,RED,0.1786417713354398
LAMP,PUPPY,0.2620017254324267
FACE,PUPPY,0.4902888471547664
LION,PUPPY,0.3720194070453804
EYE,PUPPY,0.17337594690225888
DONKEY,PUPPY,0.06947001959423904
PENGUIN,PUPPY,0.022711919930168634
BATHROOM,PUPPY,0.25650038354246707
BOOK,PUPPY,0.06947001959423904
KITCHEN,PUPPY,0.01751680160172242
ANIMAL,PUPPY,0.12142272890974226
DOG,PUPPY,0.15198353514245966
BLUE,PUPPY,0.022711919930168634
OWL,PUPPY,0.20699237594893738
BEDROOM,PUPPY,0.09697418565897031
MOON,PUPPY,0.32923458352578283
CLEAN,PUPPY,0.24481098579570304
BEE,PUPPY,0.06947001959423904
NIGHT,PUPPY,0.3032584832065366
LIVING ROOM,PUPPY,0.06947001959423904
PARTY,PUPPY,0.2620017254324267
BEACH,PUPPY,0.01751680160172242
DOOR,PUPPY,0.20699237594893738
PENNY,PUPPY,0.04196534485249437
PUPPY,PUPPY,1.0
PLATE,PUPPY,0.022711919930168634
GREEN,PUPPY,0.044860225730511516
BROKEN,PUPPY,0.04196534485249437
DARK,PUPPY,0.24173501590124324
BUTTERFLY,PUPPY,0.12791700832806008
DANCE,PUPPY,0.044860225730511516
GIRL,PUPPY,0.06947001959423904
PRETTY,PUPPY,0.5370469468188359
RABBIT,PUPPY,0.16298520156835306
GLASSES,PUPPY,0.11622761058129605
BOWL,PUPPY,0.09407930478095317
PICTURE,PUPPY,0.19251644552781322
CUP,PUPPY,0.06947001959423904
PERSON,PUPPY,0.026962933723454263
BASKET,PUPPY,0.186363997061882
HOUSE,PUPPY,0.42015246067418044
HORSE,PUPPY,0.20699237594893738
HAT,PUPPY,0.04196534485249437
PILLOW,PUPPY,0.2620017254324267
HEAD,PUPPY,0.044860225730511516
FISH,PUPPY,0.04196534485249437
CAT,PUPPY,0.3401721566481033
LAMP,LIVING ROOM,0.21362196345257445
FACE,LIVING ROOM,0.4393697695286187
LION,LIVING ROOM,0.3224162768505163
EYE,LIVING ROOM,0.125982509649603
DONKEY,LIVING ROOM,0.023232296513934436
BATHROOM,LIVING ROOM,0.20818217148112517
BOOK,LIVING ROOM,0.023232296513934436
ANIMAL,LIVING ROOM,0.07460714874326246
DOG,LIVING ROOM,0.10482765005463168
BEDROOM,LIVING ROOM,0.050430747694167444
CLEAN,LIVING ROOM,0.19662299504955527
BEE,LIVING ROOM,0.023232296513934436
LIVING ROOM,LIVING ROOM,1.0
DOOR,LIVING ROOM,0.15922506109210932
DARK,LIVING ROOM,0.193581106514932
BUTTERFLY,LIVING ROOM,0.08102919602580805
GIRL,LIVING ROOM,0.023232296513934436
RABBIT,LIVING ROOM,0.11570723399753025
GLASSES,LIVING ROOM,0.06947001959423904
BOWL,LIVING ROOM,0.047567913467935874
CUP,LIVING ROOM,0.023232296513934436
BASKET,LIVING ROOM,0.13882609553768166
HOUSE,LIVING ROOM,0.3700136935851761
HORSE,LIVING ROOM,0.15922506109210932
CAT,LIVING ROOM,0.29092306565392434
LAMP,READ,0.21362196345257445
FACE,READ,0.4393697695286187
LION,READ,0.3224162768505163
EYE,READ,0.125982509649603
DONKEY,READ,0.023232296513934436
READ,READ,1.0
DOG,READ,0.10482765005463168
OWL,READ,0.15922506109210932
MOON,READ,0.2801075750145987
CLEAN,READ,0.19662299504955527
NIGHT,READ,0.2544198945614289
LIVING ROOM,READ,0.023232296513934436
PARTY,READ,0.21362196345257445
DOOR,READ,0.15922506109210932
PUPPY,READ,0.06947001959423904
DARK,READ,0.193581106514932
BUTTERFLY,READ,0.08102919602580805
GIRL,READ,0.023232296513934436
PRETTY,READ,0.48560749260892333
RABBIT,READ,0.11570723399753025
GLASSES,READ,0.06947001959423904
PICTURE,READ,0.1449098726069291
CUP,READ,0.023232296513934436
HOUSE,READ,0.3700136935851761
HORSE,READ,0.15922506109210932
PILLOW,READ,0.21362196345257445
CAT,READ,0.29092306565392434
PURSE,READ,0.125982509649603
LAMP,TIGER,0.18516351931243147
FACE,TIGER,0.40941734100282634
RED,TIGER,0.04706890131869379
SUN,TIGER,0.17975984340886786
LION,TIGER,0.29323805473771625
TABLE,TIGER,0.21360415975713742
SHIRT,TIGER,0.27162284244645196
EYE,TIGER,0.09810395730368615
BATHROOM,TIGER,0.17975984340886786
ANIMAL,TIGER,0.04706890131869379
DOG,TIGER,0.0770894925641592
OWL,TIGER,0.13112625159978908
BEDROOM,TIGER,0.02305222485151681
MOON,TIGER,0.25120912525866235
TIGER,TIGER,1.0
CLEAN,TIGER,0.1682769685291703
NIGHT,TIGER,0.2256913429276599
TV,TIGER,0.13112625159978908
PARTY,TIGER,0.18516351931243147
SEE,TIGER,0.4553493491986309
DOOR,TIGER,0.13112625159978908
PUPPY,TIGER,0.04196534485249437
DARK,TIGER,0.1652554270750457
BUTTERFLY,TIGER,0.05344821973219194
PRETTY,TIGER,0.4553493491986309
RABBIT,TIGER,0.08789684437128553
GLASSES,TIGER,0.04196534485249437
BOWL,TIGER,0.020208211674748178
PICTURE,TIGER,0.11690618571594236
BASKET,TIGER,0.11086259413068156
HOUSE,TIGER,0.34052009172463915
HORSE,TIGER,0.13112625159978908
SMILE,TIGER,0.17975984340886786
PILLOW,TIGER,0.18516351931243147
CAT,TIGER,0.26195340111624077
SKY,TIGER,0.21360415975713742
PURSE,TIGER,0.09810395730368615
LAMP,PENNY,0.18516351931243147
FACE,PENNY,0.40941734100282634
LION,PENNY,0.29323805473771625
EYE,PENNY,0.09810395730368615
BATHROOM,PENNY,0.17975984340886786
ANIMAL,PENNY,0.04706890131869379
DOG,PENNY,0.0770894925641592
OWL,PENNY,0.13112625159978908
BEDROOM,PENNY,0.02305222485151681
MOON,PENNY,0.25120912525866235
CLEAN,PENNY,0.1682769685291703
NIGHT,PENNY,0.2256913429276599
PARTY,PENNY,0.18516351931243147
DOOR,PENNY,0.13112625159978908
PENNY,PENNY,1.0
DARK,PENNY,0.1652554270750457
BUTTERFLY,PENNY,0.05344821973219194
RABBIT,PENNY,0.08789684437128553
GLASSES,PENNY,0.04196534485249437
BOWL,PENNY,0.020208211674748178
BASKET,PENNY,0.11086259413068156
HOUSE,PENNY,0.34052009172463915
HORSE,PENNY,0.13112625159978908
CAT,PENNY,0.26195340111624077
LAMP,SHOW,0.1813692974763521
FACE,SHOW,0.4054237177778548
RED,SHOW,0.043396761965609265
LION,SHOW,0.289347184269265
SHIRT,SHOW,0.26775181038148776
EYE,SHOW,0.09438654569649074
BATHROOM,SHOW,0.1759701996659011
ANIMAL,SHOW,0.043396761965609265
DOG,SHOW,0.07339090200642584
OWL,SHOW,0.12737984540288227
BEDROOM,SHOW,0.019401958609968517
MOON,SHOW,0.24735589688913517
CLEAN,SHOW,0.16449749832645288
NIGHT,SHOW,0.221861005023694
PARTY,SHOW,0.1813692974763521
SEE,SHOW,0.4513145231356477
DOOR,SHOW,0.12737984540288227
PUPPY,SHOW,0.03829778359252067
DARK,SHOW,0.16147850025739086
BUTTERFLY,SHOW,0.04977048493196978
PRETTY,SHOW,0.4513145231356477
RABBIT,SHOW,0.08418858895031445
GLASSES,SHOW,0.03829778359252067
BOWL,SHOW,0.016560488818262442
PICTURE,SHOW,0.11317249644434746
SHOW,SHOW,1.0
BASKET,SHOW,0.10713399162921089
HOUSE,SHOW,0.3365880184181771
HORSE,SHOW,0.12737984540288227
PILLOW,SHOW,0.1813692974763521
CAT,SHOW,0.25809050788347676
PURSE,SHOW,0.09438654569649074
LAMP,PERSON,0.16964073159962645
FACE,PERSON,0.39308016139304236
LION,PERSON,0.2773220596942645
EYE,PERSON,0.08289756669264303
BATHROOM,PERSON,0.1642568940995499
ANIMAL,PERSON,0.03204766914019341
DOG,PERSON,0.06195940350498841
OWL,PERSON,0.11579981321380117
BEDROOM,PERSON,0.008118485119163132
MOON,PERSON,0.23544624199596775
CLEAN,PERSON,0.15281573073487564
NIGHT,PERSON,0.21002154755824876
PARTY,PERSON,0.16964073159962645
DOOR,PERSON,0.11579981321380117
DARK,PERSON,0.14980487149801291
BUTTERFLY,PERSON,0.03840409708812942
RABBIT,PERSON,0.07272758718215311
GLASSES,PERSON,0.026962933723454263
BOWL,PERSON,0.005284645482642958
PERSON,PERSON,1.0
BASKET,PERSON,0.09560991391150253
HOUSE,PERSON,0.3244331812049941
HORSE,PERSON,0.11579981321380117
CAT,PERSON,0.24615134972358454
LAMP,PLATE,0.1652427101497338
FACE,PLATE,0.38845069190247195
LION,PLATE,0.27281314665565226
EYE,PLATE,0.07858907239694712
BATHROOM,PLATE,0.15986395941978238
ANIMAL,PLATE,0.027791568576782666
DOG,PLATE,0.05767227364381622
OWL,PLATE,0.11145774623528126
BEDROOM,PLATE,0.003887309729363686
MOON,PLATE,0.23098005782640296
CLEAN,PLATE,0.1484350043034075
NIGHT,PLATE,0.20558130591632118
PARTY,PLATE,0.1652427101497338
DOOR,PLATE,0.11145774623528126
PLATE,PLATE,1.0
DARK,PLATE,0.14542719712861985
BUTTERFLY,PLATE,0.034141383723556906
RABBIT,PLATE,0.06842926642670655
GLASSES,PLATE,0.022711919930168634
BOWL,PLATE,0.0010565221549185821
PICTURE,PLATE,0.09730329968604412
BASKET,PLATE,0.0912881940134822
HOUSE,PLATE,0.3198749264961718
HORSE,PLATE,0.11145774623528126
PILLOW,PLATE,0.1652427101497338
CAT,PLATE,0.24167397465974627
LAMP,PENGUIN,0.1652427101497338
FACE,PENGUIN,0.38845069190247195
LION,PENGUIN,0.27281314665565226
EYE,PENGUIN,0.07858907239694712
PENGUIN,PENGUIN,1.0
BATHROOM,PENGUIN,0.15986395941978238
ANIMAL,PENGUIN,0.027791568576782666
DOG,PENGUIN,0.05767227364381622
OWL,PENGUIN,0.11145774623528126
BEDROOM,PENGUIN,0.003887309729363686
MOON,PENGUIN,0.23098005782640296
CLEAN,PENGUIN,0.1484350043034075
NIGHT,PENGUIN,0.20558130591632118
PARTY,PENGUIN,0.1652427101497338
DOOR,PENGUIN,0.11145774623528126
DARK,PENGUIN,0.14542719712861985
BUTTERFLY,PENGUIN,0.034141383723556906
RABBIT,PENGUIN,0.06842926642670655
GLASSES,PENGUIN,0.022711919930168634
BOWL,PENGUIN,0.0010565221549185821
BASKET,PENGUIN,0.0912881940134822
HOUSE,PENGUIN,0.3198749264961718
HORSE,PENGUIN,0.11145774623528126
CAT,PENGUIN,0.24167397465974627
LAMP,WALL,0.15986701148185745
FACE,WALL,0.38279318616968183
RED,WALL,0.0225898374471738
SUN,WALL,0.1544953822300803
LION,WALL,0.26730163122544415
TABLE,WALL,0.18813927983543266
SHIRT,WALL,0.24581460554132395
EYE,WALL,0.0733227392867537
TREE,WALL,0.20015524822420794
BATHROOM,WALL,0.1544953822300803
ANIMAL,WALL,0.0225898374471738
DOG,WALL,0.052432900415284145
OWL,WALL,0.10615021028707705
MOON,WALL,0.22552144480549163
CLEAN,WALL,0.14308067007005487
NIGHT,WALL,0.20015524822420794
TV,WALL,0.10615021028707705
PARTY,WALL,0.15986701148185745
SEE,WALL,0.42845254348679784
DOOR,WALL,0.10615021028707705
PUPPY,WALL,0.01751680160172242
WALL,WALL,1.0
DARK,WALL,0.1400764236343548
BUTTERFLY,WALL,0.02893151376174785
PRETTY,WALL,0.42845254348679784
RABBIT,WALL,0.06317615891883754
GLASSES,WALL,0.01751680160172242
PICTURE,WALL,0.09201407611028944
BASKET,WALL,0.0860060919159018
HOUSE,WALL,0.31430389585550333
HORSE,WALL,0.10615021028707705
SMILE,WALL,0.1544953822300803
PILLOW,WALL,0.15986701148185745
CAT,WALL,0.23620213603651052
SKY,WALL,0.18813927983543266
PURSE,WALL,0.0733227392867537
LAMP,STAR,0.15986701148185745
FACE,STAR,0.38279318616968183
RED,STAR,0.0225898374471738
LION,STAR,0.26730163122544415
SHIRT,STAR,0.24581460554132395
EYE,STAR,0.0733227392867537
BATHROOM,STAR,0.1544953822300803
ANIMAL,STAR,0.0225898374471738
DOG,STAR,0.052432900415284145
OWL,STAR,0.10615021028707705
MOON,STAR,0.22552144480549163
CLEAN,STAR,0.14308067007005487
NIGHT,STAR,0.20015524822420794
PARTY,STAR,0.15986701148185745
SEE,STAR,0.42845254348679784
DOOR,STAR,0.10615021028707705
PUPPY,STAR,0.01751680160172242
DARK,STAR,0.1400764236343548
BUTTERFLY,STAR,0.02893151376174785
PRETTY,STAR,0.42845254348679784
RABBIT,STAR,0.06317615891883754
GLASSES,STAR,0.01751680160172242
PICTURE,STAR,0.09201407611028944
BASKET,STAR,0.0860060919159018
STAR,STAR,1.0
HOUSE,STAR,0.31430389585550333
HORSE,STAR,0.10615021028707705
SMILE,STAR,0.1544953822300803
PILLOW,STAR,0.15986701148185745
CAT,STAR,0.23620213603651052
SKY,STAR,0.18813927983543266
PURSE,STAR,0.0733227392867537
LAMP,OUTSIDE,0.1372334278116103
FACE,OUTSIDE,0.35897133299828443
LION,OUTSIDE,0.24409527723914515
EYE,OUTSIDE,0.05115052566682454
BATHROOM,OUTSIDE,0.13189028447253293
ANIMAL,OUTSIDE,0.0006882399978840326
DOG,OUTSIDE,0.03037208706108796
OUTSIDE,OUTSIDE,1.0
MOON,OUTSIDE,0.20253789135065947
CLEAN,OUTSIDE,0.12053661355400447
NIGHT,OUTSIDE,0.1773064941776834
DOOR,OUTSIDE,0.08380250309784287
DARK,OUTSIDE,0.117548644782703
BUTTERFLY,OUTSIDE,0.006995834952621571
RABBIT,OUTSIDE,0.04105786506223197
BASKET,OUTSIDE,0.06376622425331302
HOUSE,OUTSIDE,0.2908472727790654
HORSE,OUTSIDE,0.08380250309784287
CAT,OUTSIDE,0.2131616107562806
LAMP,TRAIN,0.1372334278116103
FACE,TRAIN,0.35897133299828443
RED,TRAIN,0.0006882399978840326
SUN,TRAIN,0.13189028447253293
LION,TRAIN,0.24409527723914515
TABLE,TRAIN,0.1653551277694918
SHIRT,TRAIN,0.222722703882833
TRAIN,TRAIN,1.0
EYE,TRAIN,0.05115052566682454
BATHROOM,TRAIN,0.13189028447253293
ANIMAL,TRAIN,0.0006882399978840326
DOG,TRAIN,0.03037208706108796
OWL,TRAIN,0.08380250309784287
MOON,TRAIN,0.20253789135065947
CLEAN,TRAIN,0.12053661355400447
NIGHT,TRAIN,0.1773064941776834
TV,TRAIN,0.08380250309784287
PARTY,TRAIN,0.1372334278116103
SEE,TRAIN,0.4043875427034349
DOOR,TRAIN,0.08380250309784287
DARK,TRAIN,0.117548644782703
BUTTERFLY,TRAIN,0.006995834952621571
PRETTY,TRAIN,0.4043875427034349
RABBIT,TRAIN,0.04105786506223197
PICTURE,TRAIN,0.06974216179591419
BASKET,TRAIN,0.06376622425331302
HOUSE,TRAIN,0.2908472727790654
HORSE,TRAIN,0.08380250309784287
SMILE,TRAIN,0.13189028447253293
PILLOW,TRAIN,0.1372334278116103
CAT,TRAIN,0.2131616107562806
SKY,TRAIN,0.1653551277694918
PURSE,TRAIN,0.05115052566682454
LAMP,POLICE,0.10611205951114133
FACE,POLICE,0.3262166028107458
LION,POLICE,0.21218647692335857
EYE,POLICE,0.020663477600916913
BATHROOM,POLICE,0.10080859297903633
DOG,POLICE,3.815077593660732e-05
OWL,POLICE,0.05307485080503227
MOON,POLICE,0.17093531459638545
CLEAN,POLICE,0.08953834509055447
NIGHT,POLICE,0.14589009320997537
PARTY,POLICE,0.10611205951114133
DOOR,POLICE,0.05307485080503227
POLICE,POLICE,1.0
DARK,POLICE,0.08657224943079012
RABBIT,POLICE,0.010645592517157354
PICTURE,POLICE,0.039117770936637264
BASKET,POLICE,0.03318608829412106
HOUSE,POLICE,0.25859409812583056
HORSE,POLICE,0.05307485080503227
PILLOW,POLICE,0.10611205951114133
CAT,POLICE,0.1814806977420842
LAMP,SHOES,0.10611205951114133
FACE,SHOES,0.3262166028107458
SHOES,SHOES,1.0
LION,SHOES,0.21218647692335857
SHIRT,SHOES,0.1909715934409153
EYE,SHOES,0.020663477600916913
BATHROOM,SHOES,0.10080859297903633
DOG,SHOES,3.815077593660732e-05
OWL,SHOES,0.05307485080503227
MOON,SHOES,0.17093531459638545
CLEAN,SHOES,0.08953834509055447
NIGHT,SHOES,0.14589009320997537
PARTY,SHOES,0.10611205951114133
SEE,SHOES,0.37129810304168487
DOOR,SHOES,0.05307485080503227
DARK,SHOES,0.08657224943079012
PRETTY,SHOES,0.37129810304168487
RABBIT,SHOES,0.010645592517157354
PICTURE,SHOES,0.039117770936637264
BASKET,SHOES,0.03318608829412106
HOUSE,SHOES,0.25859409812583056
HORSE,SHOES,0.05307485080503227
PILLOW,SHOES,0.10611205951114133
CAT,SHOES,0.1814806977420842
PURSE,SHOES,0.020663477600916913
LAMP,SHORTS,0.08630773738430175
FACE,SHORTS,0.30537254487039966
LION,SHORTS,0.19188110793922775
SHIRT,SHORTS,0.1707664338282422
EYE,SHORTS,0.0012625363449725313
BATHROOM,SHORTS,0.08102919602580805
SHORTS,SHORTS,1.0
OWL,SHORTS,0.03352130644534501
MOON,SHORTS,0.1508247689080333
CLEAN,SHORTS,0.06981185054662387
NIGHT,SHORTS,0.12589756058851886
PARTY,SHORTS,0.08630773738430175
SEE,SHORTS,0.3502409094331096
DOOR,SHORTS,0.03352130644534501
DARK,SHORTS,0.06685999784320984
PRETTY,SHORTS,0.3502409094331096
PICTURE,SHORTS,0.019629845911558697
BASKET,SHORTS,0.013726140504729756
HOUSE,SHORTS,0.23806948934932048
HORSE,SHORTS,0.03352130644534501
PILLOW,SHORTS,0.08630773738430175
CAT,SHORTS,0.16132030170650946
PURSE,SHORTS,0.0012625363449725313
LAMP,TOE,0.08630773738430175
FACE,TOE,0.30537254487039966
SUN,TOE,0.08102919602580805
LION,TOE,0.19188110793922775
TABLE,TOE,0.1140901497748601
SHIRT,TOE,0.1707664338282422
EYE,TOE,0.0012625363449725313
BATHROOM,TOE,0.08102919602580805
OWL,TOE,0.03352130644534501
MOON,TOE,0.1508247689080333
CLEAN,TOE,0.06981185054662387
TOE,TOE,1.0
NIGHT,TOE,0.12589756058851886
TV,TOE,0.03352130644534501
PARTY,TOE,0.08630773738430175
SEE,TOE,0.3502409094331096
DOOR,TOE,0.03352130644534501
DARK,TOE,0.06685999784320984
PRETTY,TOE,0.3502409094331096
PICTURE,TOE,0.019629845911558697
BASKET,TOE,0.013726140504729756
HOUSE,TOE,0.23806948934932048
HORSE,TOE,0.03352130644534501
SMILE,TOE,0.08102919602580805
PILLOW,TOE,0.08630773738430175
CAT,TOE,0.16132030170650946
SKY,TOE,0.1140901497748601
PURSE,TOE,0.0012625363449725313
LAMP,TOWEL,0.06638031542044232
FACE,TOWEL,0.2843987742918701
SUN,TOWEL,0.0611266992355608
LION,TOWEL,0.1714495870560011
TABLE,TOWEL,0.09402996311074308
SHIRT,TOWEL,0.15043563099348756
BATHROOM,TOWEL,0.0611266992355608
OWL,TOWEL,0.013845679602662031
MOON,TOWEL,0.13058908867461128
CLEAN,TOWEL,0.049963273519699314
NIGHT,TOWEL,0.10578141945302999
TV,TOWEL,0.013845679602662031
PARTY,TOWEL,0.06638031542044232
TOWEL,TOWEL,1.0
SEE,TOWEL,0.3290534945093402
DOOR,TOWEL,0.013845679602662031
DARK,TOWEL,0.04702566377263384
PRETTY,TOWEL,0.3290534945093402
PICTURE,TOWEL,2.085575751120672e-05
HOUSE,TOWEL,0.21741720264267883
HORSE,TOWEL,0.013845679602662031
SMILE,TOWEL,0.0611266992355608
PILLOW,TOWEL,0.06638031542044232
CAT,TOWEL,0.14103477112586482
SKY,TOWEL,0.09402996311074308
LAMP,SQUIRREL,0.06157230029849181
FACE,SQUIRREL,0.27933845537173063
LION,SQUIRREL,0.16651999812806917
SHIRT,SQUIRREL,0.14553045856215352
BATHROOM,SQUIRREL,0.05632529691477206
OWL,SQUIRREL,0.009098705722209388
MOON,SQUIRREL,0.1257073153858519
CLEAN,SQUIRREL,0.04517458812422337
NIGHT,SQUIRREL,0.10092762339995609
PARTY,SQUIRREL,0.06157230029849181
SEE,SQUIRREL,0.32394129053392806
DOOR,SQUIRREL,0.009098705722209388
SQUIRREL,SQUIRREL,1.0
DARK,SQUIRREL,0.04224003043923297
PRETTY,SQUIRREL,0.32394129053392806
HOUSE,SQUIRREL,0.21243471130544833
HORSE,SQUIRREL,0.009098705722209388
SMILE,SQUIRREL,0.05632529691477206
PILLOW,SQUIRREL,0.06157230029849181
CAT,SQUIRREL,0.13614028091179353
SKY,SQUIRREL,0.0891904100140195
LAMP,SPOON,0.05235710754042433
FACE,SPOON,0.2696395107747964
LION,SPOON,0.1570718312982864
SHIRT,SPOON,0.13612909001751916
BATHROOM,SPOON,0.04712180372799235
OWL,SPOON,0.0
MOON,SPOON,0.11634969306429088
CLEAN,SPOON,0.03599551143404245
NIGHT,SPOON,0.09162544687275531
PARTY,SPOON,0.05235710754042433
SEE,SPOON,0.31414315391956027
DOOR,SPOON,0.0
DARK,SPOON,0.03306807522722632
PRETTY,SPOON,0.31414315391956027
SPOON,SPOON,1.0
HOUSE,SPOON,0.2028843003961578
SMILE,SPOON,0.04712180372799235
PILLOW,SPOON,0.05235710754042433
CAT,SPOON,0.12675976812467038
SKY,SPOON,0.07991366733744165
LAMP,MONEY,0.05235710754042433
FACE,MONEY,0.2696395107747964
LION,MONEY,0.1570718312982864
BATHROOM,MONEY,0.04712180372799235
MONEY,MONEY,1.0
CLEAN,MONEY,0.03599551143404245
DARK,MONEY,0.03306807522722632
HOUSE,MONEY,0.2028843003961578
CAT,MONEY,0.12675976812467038
LAMP,PAPER,0.03538204695699232
FACE,PAPER,0.2517732480655015
LION,PAPER,0.13966693863930946
BATHROOM,PAPER,0.030168107579084058
MOON,PAPER,0.09911164646540627
CLEAN,PAPER,0.019087596216256664
NIGHT,PAPER,0.07448913567636772
PAPER,PAPER,1.0
DARK,PAPER,0.01617185958072831
HOUSE,PAPER,0.18529170591957556
CAT,PAPER,0.10947950133375084
LAMP,TOAST,0.014412854471576253
FACE,TOAST,0.229703278525081
SUN,TOAST,0.009224857621304317
LION,TOAST,0.11816719602987824
TABLE,TOAST,0.041716601793392094
SHIRT,TOAST,0.09741622598281463
BATHROOM,TOAST,0.009224857621304317
MOON,TOAST,0.07781842672304151
TOAST,TOAST,1.0
NIGHT,TOAST,0.05332054180205947
PARTY,TOAST,0.014412854471576253
SEE,TOAST,0.27379896270583615
PRETTY,TOAST,0.27379896270583615
HOUSE,TOAST,0.16355949791544155
SMILE,TOAST,0.009224857621304317
PILLOW,TOAST,0.014412854471576253
CAT,TOAST,0.0881328705050759
SKY,TOAST,0.041716601793392094
LAMP,ROCKING CHAIR,0.014412854471576253
FACE,ROCKING CHAIR,0.229703278525081
LION,ROCKING CHAIR,0.11816719602987824
BATHROOM,ROCKING CHAIR,0.009224857621304317
MOON,ROCKING CHAIR,0.07781842672304151
NIGHT,ROCKING CHAIR,0.05332054180205947
PARTY,ROCKING CHAIR,0.014412854471576253
ROCKING CHAIR,ROCKING CHAIR,1.0
PRETTY,ROCKING CHAIR,0.27379896270583615
HOUSE,ROCKING CHAIR,0.16355949791544155
PILLOW,ROCKING CHAIR,0.014412854471576253
CAT,ROCKING CHAIR,0.0881328705050759
LAMP,POOL,0.014412854471576253
FACE,POOL,0.229703278525081
LION,POOL,0.11816719602987824
BATHROOM,POOL,0.009224857621304317
MOON,POOL,0.07781842672304151
NIGHT,POOL,0.05332054180205947
PARTY,POOL,0.014412854471576253
POOL,POOL,1.0
HOUSE,POOL,0.16355949791544155
PILLOW,POOL,0.014412854471576253
CAT,POOL,0.0881328705050759
LAMP,PLANT,0.013024674904521305
FACE,PLANT,0.2282423581452413
LION,PLANT,0.11674391774896176
BATHROOM,PLANT,0.007838712762299416
MOON,PLANT,0.07640837404445033
NIGHT,PLANT,0.05191913663268011
PARTY,PLANT,0.013024674904521305
PLANT,PLANT,1.0
HOUSE,PLANT,0.1621209593241515
PILLOW,PLANT,0.013024674904521305
CAT,PLANT,0.08671976576440965
LAMP,SPIDER,0.009919201743337602
FACE,SPIDER,0.22497410834006448
LION,SPIDER,0.11356010832785657
SHIRT,SPIDER,0.0928320287463551
BATHROOM,SPIDER,0.004737309017215807
MOON,SPIDER,0.07325508524409319
NIGHT,SPIDER,0.04878466888178501
PARTY,SPIDER,0.009919201743337602
SEE,SPIDER,0.26902095952762206
PRETTY,SPIDER,0.26902095952762206
SPIDER,SPIDER,1.0
HOUSE,SPIDER,0.1589030685432098
SMILE,SPIDER,0.004737309017215807
PILLOW,SPIDER,0.009919201743337602
CAT,SPIDER,0.08355884680886572
SKY,SPIDER,0.037192937121417025
BABYSITTER,BABYSITTER,1.0
FACE,HORSE,0.5891319121575842
CHAIR,HORSE,0.015922607844613523
EYE,HORSE,0.26537476270217386
DONKEY,HORSE,0.15922506109210932
ELEPHANT,HORSE,0.015922607844613523
BATHROOM,HORSE,0.3502948291964323
BOOK,HORSE,0.15922506109210932
ANIMAL,HORSE,0.2122999118971416
DOG,HORSE,0.24352047221504414
BLUE,HORSE,0.11145774623528126
BEDROOM,HORSE,0.18732336190741705
CLEAN,HORSE,0.3383531276514784
BABY,HORSE,0.04549301993403532
BEE,HORSE,0.15922506109210932
BEACH,HORSE,0.10615021028707705
DUCK,HORSE,0.08380250309784287
DOOR,HORSE,0.2997175825226721
CAR,HORSE,0.05307485080503227
GREEN,HORSE,0.13408420842735413
HAIR,HORSE,0.05307485080503227
BROKEN,HORSE,0.13112625159978908
DARK,HORSE,0.335210521068384
BUTTERFLY,HORSE,0.21893407749389127
DANCE,HORSE,0.13408420842735413
GIRL,HORSE,0.15922506109210932
RABBIT,HORSE,0.25475969080576455
GLASSES,HORSE,0.20699237594893738
BOWL,HORSE,0.1843659137568645
CUP,HORSE,0.15922506109210932
DEER,HORSE,0.03352130644534501
BASKET,HORSE,0.27864360257268483
HORSE,HORSE,1.0
HAT,HORSE,0.13112625159978908
HEAD,HORSE,0.13408420842735413
FISH,HORSE,0.13112625159978908
CAT,HORSE,0.4357734230503931
BOX,HORSE,0.03352130644534501
FACE,GLASSES,0.4902888471547664
EYE,GLASSES,0.17337594690225888
DONKEY,GLASSES,0.06947001959423904
BATHROOM,GLASSES,0.25650038354246707
BOOK,GLASSES,0.06947001959423904
ANIMAL,GLASSES,0.12142272890974226
DOG,GLASSES,0.15198353514245966
BLUE,GLASSES,0.022711919930168634
BEDROOM,GLASSES,0.09697418565897031
CLEAN,GLASSES,0.24481098579570304
BEE,GLASSES,0.06947001959423904
BEACH,GLASSES,0.01751680160172242
DOOR,GLASSES,0.20699237594893738
BROKEN,GLASSES,0.04196534485249437
DARK,GLASSES,0.24173501590124324
BUTTERFLY,GLASSES,0.12791700832806008
DANCE,GLASSES,0.044860225730511516
GIRL,GLASSES,0.06947001959423904
RABBIT,GLASSES,0.16298520156835306
GLASSES,GLASSES,1.0
BOWL,GLASSES,0.09407930478095317
CUP,GLASSES,0.06947001959423904
BASKET,GLASSES,0.186363997061882
FISH,GLASSES,0.04196534485249437
CAT,GLASSES,0.3401721566481033
FACE,GIRL,0.4393697695286187
EYE,GIRL,0.125982509649603
DONKEY,GIRL,0.023232296513934436
BATHROOM,GIRL,0.20818217148112517
BOOK,GIRL,0.023232296513934436
ANIMAL,GIRL,0.07460714874326246
DOG,GIRL,0.10482765005463168
BEDROOM,GIRL,0.050430747694167444
CLEAN,GIRL,0.19662299504955527
BEE,GIRL,0.023232296513934436
DOOR,GIRL,0.15922506109210932
DARK,GIRL,0.193581106514932
BUTTERFLY,GIRL,0.08102919602580805
GIRL,GIRL,1.0
RABBIT,GIRL,0.11570723399753025
BOWL,GIRL,0.047567913467935874
CUP,GIRL,0.023232296513934436
BASKET,GIRL,0.13882609553768166
CAT,GIRL,0.29092306565392434
FACE,HEAD,0.4125706298031826
EYE,HEAD,0.10103851498867655
BATHROOM,HEAD,0.18275188159626943
ANIMAL,HEAD,0.04996734293579941
DOG,HEAD,0.08000929861578854
BEDROOM,HEAD,0.025934388804222053
CLEAN,HEAD,0.17126086788437167
DOOR,HEAD,0.13408420842735413
DARK,HEAD,0.16823678304518452
BUTTERFLY,HEAD,0.056351239442408385
RABBIT,HEAD,0.09082428057810077
GLASSES,HEAD,0.044860225730511516
BOWL,HEAD,0.023088340919403372
BASKET,HEAD,0.11380630800189628
HEAD,HEAD,1.0
CAT,HEAD,0.2650024111290392
FACE,GREEN,0.4125706298031826
EYE,GREEN,0.10103851498867655
BATHROOM,GREEN,0.18275188159626943
ANIMAL,GREEN,0.04996734293579941
DOG,GREEN,0.08000929861578854
BEDROOM,GREEN,0.025934388804222053
CLEAN,GREEN,0.17126086788437167
DOOR,GREEN,0.13408420842735413
GREEN,GREEN,1.0
DARK,GREEN,0.16823678304518452
BUTTERFLY,GREEN,0.056351239442408385
RABBIT,GREEN,0.09082428057810077
GLASSES,GREEN,0.044860225730511516
BOWL,GREEN,0.023088340919403372
BASKET,GREEN,0.11380630800189628
CAT,GREEN,0.2650024111290392
FACE,FISH,0.40941734100282634
EYE,FISH,0.09810395730368615
BATHROOM,FISH,0.17975984340886786
ANIMAL,FISH,0.04706890131869379
DOG,FISH,0.0770894925641592
BEDROOM,FISH,0.02305222485151681
CLEAN,FISH,0.1682769685291703
DOOR,FISH,0.13112625159978908
DARK,FISH,0.1652554270750457
BUTTERFLY,FISH,0.05344821973219194
RABBIT,FISH,0.08789684437128553
BOWL,FISH,0.020208211674748178
BASKET,FISH,0.11086259413068156
FISH,FISH,1.0
CAT,FISH,0.26195340111624077
FACE,HAT,0.40941734100282634
EYE,HAT,0.09810395730368615
BATHROOM,HAT,0.17975984340886786
ANIMAL,HAT,0.04706890131869379
DOG,HAT,0.0770894925641592
BEDROOM,HAT,0.02305222485151681
CLEAN,HAT,0.1682769685291703
DOOR,HAT,0.13112625159978908
DARK,HAT,0.1652554270750457
BUTTERFLY,HAT,0.05344821973219194
RABBIT,HAT,0.08789684437128553
GLASSES,HAT,0.04196534485249437
BOWL,HAT,0.020208211674748178
BASKET,HAT,0.11086259413068156
HAT,HAT,1.0
CAT,HAT,0.26195340111624077
FACE,KITCHEN,0.38279318616968183
EYE,KITCHEN,0.0733227392867537
BATHROOM,KITCHEN,0.1544953822300803
KITCHEN,KITCHEN,1.0
ANIMAL,KITCHEN,0.0225898374471738
DOG,KITCHEN,0.052432900415284145
CLEAN,KITCHEN,0.14308067007005487
DOOR,KITCHEN,0.10615021028707705
DARK,KITCHEN,0.1400764236343548
BUTTERFLY,KITCHEN,0.02893151376174785
RABBIT,KITCHEN,0.06317615891883754
GLASSES,KITCHEN,0.01751680160172242
BASKET,KITCHEN,0.0860060919159018
HOUSE,KITCHEN,0.31430389585550333
HORSE,KITCHEN,0.10615021028707705
CAT,KITCHEN,0.23620213603651052
FACE,HAIR,0.3262166028107458
EYE,HAIR,0.020663477600916913
DOG,HAIR,3.815077593660732e-05
CLEAN,HAIR,0.08953834509055447
DOOR,HAIR,0.05307485080503227
HAIR,HAIR,1.0
DARK,HAIR,0.08657224943079012
FACE,JEANS,0.2696395107747964
BATHROOM,JEANS,0.04712180372799235
CLEAN,JEANS,0.03599551143404245
DARK,JEANS,0.03306807522722632
JEANS,JEANS,1.0
HOUSE,JEANS,0.2028843003961578
CAT,JEANS,0.12675976812467038
FACE,FRIDGE,0.23294151638652139
BATHROOM,FRIDGE,0.012297775453689042
CLEAN,FRIDGE,0.001265588407047602
FRIDGE,FRIDGE,1.0
CAT,FRIDGE,0.09126479487090755
FACE,KEY,0.229703278525081
KEY,KEY,1.0
HOUSE,KEY,0.16355949791544155
FACE,LAMB,0.229703278525081
LAMB,LAMB,1.0
BATHROOM,LAMB,0.009224857621304317
HOUSE,LAMB,0.16355949791544155
CAT,LAMB,0.0881328705050759
FACE,TURTLE,0.21306292741585953
LION,TURTLE,0.10195667699620081
TABLE,TURTLE,0.025801115426952848
SHIRT,TURTLE,0.08128607791711051
TREE,TURTLE,0.03736029185852274
MOON,TURTLE,0.06176356285518381
NIGHT,TURTLE,0.03736029185852274
SEE,TURTLE,0.2569887134744473
PRETTY,TURTLE,0.2569887134744473
HOUSE,TURTLE,0.14717450266648502
CAT,TURTLE,0.07203832983024405
SKY,TURTLE,0.025801115426952848
TURTLE,TURTLE,1.0
FACE,LORRY,0.21306292741585953
LION,LORRY,0.10195667699620081
TABLE,LORRY,0.025801115426952848
SHIRT,LORRY,0.08128607791711051
TREE,LORRY,0.03736029185852274
MOON,LORRY,0.06176356285518381
NIGHT,LORRY,0.03736029185852274
SEE,LORRY,0.2569887134744473
LORRY,LORRY,1.0
PRETTY,LORRY,0.2569887134744473
HOUSE,LORRY,0.14717450266648502
CAT,LORRY,0.07203832983024405
SKY,LORRY,0.025801115426952848
FACE,FLOWER,0.21306292741585953
FLOWER,FLOWER,1.0
CAT,FLOWER,0.07203832983024405
FACE,KITTEN,0.19817445993761584
KITTEN,KITTEN,1.0
HOUSE,KITTEN,0.13251392248983151
CAT,KITTEN,0.057638192283979706
FACE,HAND,0.18477438139788482
HAND,HAND,1.0
CAT,HAND,0.044678119360043844
FACE,KNEE,0.18477438139788482
KNEE,KNEE,1.0
HOUSE,KNEE,0.11931985814015444
CAT,KNEE,0.044678119360043844
FACE,HER,0.1770597858266303
CAT,HER,0.03721582758697828
HER,HER,1.0
FACE,NOSE,0.17265108215947667
LION,NOSE,0.06258914564643714
NOSE,NOSE,1.0
MOON,NOSE,0.02277346984867812
HOUSE,NOSE,0.10738171733428814
CAT,NOSE,0.03295209686838074
FACE,GRANDMA,0.16979842147349444
GRANDMA,GRANDMA,1.0
CAT,GRANDMA,0.03019303275269536
FACE,SCRATCH,0.16979842147349444
LION,SCRATCH,0.059810243127264684
MOON,SCRATCH,0.020021527211168788
SCRATCH,SCRATCH,1.0
PRETTY,SCRATCH,0.2132821672082379
HOUSE,SCRATCH,0.10457280287138015
CAT,SCRATCH,0.03019303275269536
FACE,LOOK,0.15648634405692263
LION,LOOK,0.046842031371128634
LOOK,LOOK,1.0
HOUSE,LOOK,0.09146470493681225
CAT,LOOK,0.017317400212830236
FACE,GIRAFFE,0.15648634405692263
GIRAFFE,GIRAFFE,1.0
CAT,GIRAFFE,0.017317400212830236
FACE,SISTER,0.14457516313271768
LION,SISTER,0.03523910871648628
SHIRT,SISTER,0.014897114987455495
SEE,SISTER,0.18780151829914615
PRETTY,SISTER,0.18780151829914615
SISTER,SISTER,1.0
HOUSE,SISTER,0.07973613906008659
CAT,SISTER,0.00579688323420946
FACE,GLASS,0.14457516313271768
GLASS,GLASS,1.0
CAT,GLASS,0.00579688323420946
FACE,HAMMER,0.14457516313271768
HAMMER,HAMMER,1.0
CAT,HAMMER,0.00579688323420946
FACE,WATER,0.12415686785181634
LION,WATER,0.015347802820511625
SEE,WATER,0.1671741567661158
PRETTY,WATER,0.1671741567661158
WATER,WATER,1.0
HOUSE,WATER,0.05963068014185957
FACE,MOTORCYCLE,0.12112566153445492
LION,MOTORCYCLE,0.012395441440085087
MOTORCYCLE,MOTORCYCLE,1.0
HOUSE,MOTORCYCLE,0.05664627210964657
FACE,FALL,0.09990925202097412
FALL,FALL,1.0
FACE,PEOPLE,0.09990925202097412
PEOPLE,PEOPLE,1.0
HOUSE,PEOPLE,0.035754907207139475
FACE,UNCLE,0.08293622614559215
SEE,UNCLE,0.1255328391705719
UNCLE,UNCLE,1.0
PRETTY,UNCLE,0.1255328391705719
HOUSE,UNCLE,0.019041815285133268
FACE,UP,0.0659632002702093
SEE,UP,0.10838635443393407
UP,UP,1.0
PRETTY,UP,0.10838635443393407
HOUSE,UP,0.002329232040140461
FACE,TEDDY,0.0659632002702093
TEDDY,TEDDY,1.0
SEE,TEDDY,0.10838635443393407
PRETTY,TEDDY,0.10838635443393407
HOUSE,TEDDY,0.002329232040140461
FACE,JACKET,0.04998870737032313
JACKET,JACKET,1.0
FACE,PARK,0.04998870737032313
PARK,PARK,1.0
FACE,STONE,0.04333266866203722
STONE,STONE,1.0
SEE,STONE,0.08552437478508423
PRETTY,STONE,0.08552437478508423
FACE,MILK,0.04333266866203722
MILK,MILK,1.0
FACE,FORK,0.04333266866203722
FORK,FORK,1.0
FACE,ME,0.04027450246301445
ME,ME,1.0
FACE,TURKEY,0.037377078199933855
SEE,TURKEY,0.0795082517584964
PRETTY,TURKEY,0.0795082517584964
TURKEY,TURKEY,1.0
FACE,GOOSE,0.037377078199933855
GOOSE,GOOSE,1.0
FACE,SINK,0.037377078199933855
SEE,SINK,0.0795082517584964
PRETTY,SINK,0.0795082517584964
SINK,SINK,1.0
FACE,FOOD,0.037377078199933855
FOOD,FOOD,1.0
FACE,SHEEP,0.037377078199933855
SHEEP,SHEEP,1.0
SEE,SHEEP,0.0795082517584964
PRETTY,SHEEP,0.0795082517584964
FACE,FOOT,0.037377078199933855
FOOT,FOOT,1.0
FACE,SNOW,0.02716793055948319
SEE,SNOW,0.06919431665347542
SNOW,SNOW,1.0
PRETTY,SNOW,0.06919431665347542
FACE,MOUSE,0.0085162705429207
MOUSE,MOUSE,1.0
CHAIR,CHAIR,1.0
BATHROOM,CHAIR,0.06322753529709857
CAT,CHAIR,0.14317579267138836
CHAIR,CLEAN,0.052058514134099454
BATHROOM,CLEAN,0.38937546671115886
BOOK,CLEAN,0.19662299504955527
ANIMAL,CLEAN,0.25016532002905567
BLUE,CLEAN,0.1484350043034075
BEDROOM,CLEAN,0.22496902156994025
CLEAN,CLEAN,1.0
BABY,CLEAN,0.0818893688539104
BEE,CLEAN,0.19662299504955527
BEACH,CLEAN,0.14308067007005487
BEAR,CLEAN,0.019087596216256664
CAR,CLEAN,0.08953834509055447
BROKEN,CLEAN,0.1682769685291703
BUTTERFLY,CLEAN,0.25685798348223976
RABBIT,CLEAN,0.2929994852188633
BOWL,CLEAN,0.22198512221473887
BASKET,CLEAN,0.31709348059193765
CAT,CLEAN,0.4756069025435883
BOX,CLEAN,0.06981185054662387
CHAIR,DARK,0.049119378355996446
BATHROOM,DARK,0.3861967440601788
BOOK,DARK,0.193581106514932
ANIMAL,DARK,0.24708528071849578
BLUE,DARK,0.14542719712861985
BEDROOM,DARK,0.2219067859548174
CLEAN,DARK,0.3741583938828539
BABY,DARK,0.07892886864128368
BEE,DARK,0.193581106514932
CLOCK,DARK,0.01617185958072831
BEACH,DARK,0.1400764236343548
BEAR,DARK,0.01617185958072831
CAR,DARK,0.08657224943079012
BROKEN,DARK,0.1652554270750457
DARK,DARK,1.0
BUTTERFLY,DARK,0.25377336607856815
DANCE,DARK,0.16823678304518452
RABBIT,DARK,0.2898889252875545
BOWL,DARK,0.21892542998467857
CUP,DARK,0.193581106514932
BASKET,DARK,0.3139661343192168
CAT,DARK,0.47236713865111035
BOX,DARK,0.06685999784320984
CHAIR,DOOR,0.015922607844613523
DONKEY,DOOR,0.15922506109210932
BATHROOM,DOOR,0.3502948291964323
BOOK,DOOR,0.15922506109210932
ANIMAL,DOOR,0.2122999118971416
DOG,DOOR,0.24352047221504414
BLUE,DOOR,0.11145774623528126
BEDROOM,DOOR,0.18732336190741705
CLEAN,DOOR,0.3383531276514784
BABY,DOOR,0.04549301993403532
BEE,DOOR,0.15922506109210932
BEACH,DOOR,0.10615021028707705
DOOR,DOOR,1.0
CAR,DOOR,0.05307485080503227
BROKEN,DOOR,0.13112625159978908
DARK,DOOR,0.335210521068384
BUTTERFLY,DOOR,0.21893407749389127
DANCE,DOOR,0.13408420842735413
RABBIT,DOOR,0.25475969080576455
BOWL,DOOR,0.1843659137568645
CUP,DOOR,0.15922506109210932
DEER,DOOR,0.03352130644534501
BASKET,DOOR,0.27864360257268483
CAT,DOOR,0.4357734230503931
BOX,DOOR,0.03352130644534501
STOP,STOP,1.0
LEG,LEG,1.0
BATH (FURNITURE),BATH (FURNITURE),1.0
PEN,PEN,1.0
PEEKABOO,PEEKABOO,1.0
PASTA,PASTA,1.0
TEACHER,TEACHER,1.0
SEE,TEACHER,0.022654439427758355
PRETTY,TEACHER,0.022654439427758355
EYE,EYE,1.0
DONKEY,EYE,0.125982509649603
BATHROOM,EYE,0.3155562586602265
BOOK,EYE,0.125982509649603
ANIMAL,EYE,0.1786417713354398
DOG,EYE,0.20961765801034016
BLUE,EYE,0.07858907239694712
BEDROOM,EYE,0.15386106199551985
CLEAN,EYE,0.30370764500855607
BABY,EYE,0.013140653263365998
BEE,EYE,0.125982509649603
BEACH,EYE,0.0733227392867537
DUCK,EYE,0.05115052566682454
DOOR,EYE,0.26537476270217386
CAR,EYE,0.020663477600916913
BROKEN,EYE,0.09810395730368615
DARK,EYE,0.300589963599073
BUTTERFLY,EYE,0.18522405187691593
DANCE,EYE,0.10103851498867655
RABBIT,EYE,0.22076938415491476
BOWL,EYE,0.15092599563351694
CUP,EYE,0.125982509649603
DEER,EYE,0.0012625363449725313
BASKET,EYE,0.24446610278124226
CAT,EYE,0.4003654335657645
BOX,EYE,0.0012625363449725313
EMPTY,EMPTY,1.0
DOLL,DOLL,1.0
COAT,COAT,1.0
DONKEY,DONKEY,1.0
BATHROOM,DONKEY,0.20818217148112517
BOOK,DONKEY,0.023232296513934436
ANIMAL,DONKEY,0.07460714874326246
DOG,DONKEY,0.10482765005463168
BEDROOM,DONKEY,0.050430747694167444
CLEAN,DONKEY,0.19662299504955527
BEE,DONKEY,0.023232296513934436
DARK,DONKEY,0.193581106514932
BUTTERFLY,DONKEY,0.08102919602580805
RABBIT,DONKEY,0.11570723399753025
BOWL,DONKEY,0.047567913467935874
CUP,DONKEY,0.023232296513934436
BASKET,DONKEY,0.13882609553768166
CAT,DONKEY,0.29092306565392434
CHEEK,CHEEK,1.0
ELEPHANT,ELEPHANT,1.0
BATHROOM,ELEPHANT,0.06322753529709857
CLEAN,ELEPHANT,0.052058514134099454
DOOR,ELEPHANT,0.015922607844613523
DARK,ELEPHANT,0.049119378355996446
CAT,ELEPHANT,0.14317579267138836
EGG,EGG,1.0
EAR,EAR,1.0
BATHROOM,BATHROOM,1.0
ANIMAL,BATHROOM,0.26186946940918165
BABY,BATHROOM,0.09313876098488016
BASKET,BATHROOM,0.32897770163448126
BATHROOM,CAT,0.4879194296306393
BOOK,CAT,0.29092306565392434
ANIMAL,CAT,0.34564450394835067
BLUE,CAT,0.24167397465974627
BEDROOM,CAT,0.3198932388686204
BABY,CAT,0.1736633494143094
BEE,CAT,0.29092306565392434
BEACH,CAT,0.23620213603651052
BEAR,CAT,0.10947950133375084
BISCUIT,CAT,0.017317400212830236
BALLOON,CAT,0.017317400212830236
CAR,CAT,0.1814806977420842
BROKEN,CAT,0.26195340111624077
BUTTERFLY,CAT,0.3524846837351543
BUS,CAT,0.057638192283979706
RABBIT,CAT,0.38942124764228225
BOWL,CAT,0.31684372017881035
BASKET,CAT,0.41404579313937173
CAT,CAT,1.0
BOX,CAT,0.16132030170650946
BATHROOM,RABBIT,0.30481859560380986
BOOK,RABBIT,0.11570723399753025
ANIMAL,RABBIT,0.16823830907622206
BLUE,RABBIT,0.06842926642670655
BEDROOM,RABBIT,0.14351762362377407
BABY,RABBIT,0.003141080552056863
BEE,RABBIT,0.11570723399753025
BEACH,RABBIT,0.06317615891883754
BROKEN,RABBIT,0.08789684437128553
RABBIT,RABBIT,1.0
BOWL,RABBIT,0.14059018741695795
BASKET,RABBIT,0.23390189858608146
BATHROOM,DOG,0.29344966437490694
BOOK,DOG,0.10482765005463168
ANIMAL,DOG,0.15722290837099173
DOG,DOG,1.0
BLUE,DOG,0.05767227364381622
BEDROOM,DOG,0.13256631622211668
CLEAN,DOG,0.2816610746107093
BEE,DOG,0.10482765005463168
BEACH,DOG,0.052432900415284145
CAR,DOG,3.815077593660732e-05
BROKEN,DOG,0.0770894925641592
DARK,DOG,0.2785586535116007
BUTTERFLY,DOG,0.16377212490665816
DANCE,DOG,0.08000929861578854
RABBIT,DOG,0.199138911553276
BOWL,DOG,0.12964651017048823
CUP,DOG,0.10482765005463168
BASKET,DOG,0.22271659975868374
CAT,DOG,0.37783307662100096
BATHROOM,BUTTERFLY,0.26857993655780277
BOOK,BUTTERFLY,0.08102919602580805
ANIMAL,BUTTERFLY,0.13312687828986824
BLUE,BUTTERFLY,0.034141383723556906
BEDROOM,BUTTERFLY,0.10861017231942416
BEE,BUTTERFLY,0.08102919602580805
BEACH,BUTTERFLY,0.02893151376174785
BROKEN,BUTTERFLY,0.05344821973219194
BUTTERFLY,BUTTERFLY,1.0
RABBIT,BUTTERFLY,0.1748048206303121
BOWL,BUTTERFLY,0.10570715260920771
BASKET,BUTTERFLY,0.19824872678143812
BATHROOM,BEDROOM,0.2366050082303941
ANIMAL,BEDROOM,0.10214590484484276
BEDROOM,BEDROOM,1.0
BASKET,BEDROOM,0.16678959694468265
BATHROOM,BOWL,0.23361297004299342
BOOK,BOWL,0.047567913467935874
ANIMAL,BOWL,0.09924695455072641
BLUE,BOWL,0.0010565221549185821
BEDROOM,BOWL,0.07492761526112446
BEE,BOWL,0.047567913467935874
BOWL,BOWL,1.0
BASKET,BOWL,0.16384588307346704
BATHROOM,BEE,0.20818217148112517
ANIMAL,BEE,0.07460714874326246
BEDROOM,BEE,0.050430747694167444
BEE,BEE,1.0
BASKET,BEE,0.13882609553768166
BATHROOM,BOOK,0.20818217148112517
BOOK,BOOK,1.0
ANIMAL,BOOK,0.07460714874326246
BEDROOM,BOOK,0.050430747694167444
BEE,BOOK,0.023232296513934436
BASKET,BOOK,0.13882609553768166
BATHROOM,CUP,0.20818217148112517
BOOK,CUP,0.023232296513934436
ANIMAL,CUP,0.07460714874326246
BEDROOM,CUP,0.050430747694167444
CLEAN,CUP,0.19662299504955527
BEE,CUP,0.023232296513934436
BUTTERFLY,CUP,0.08102919602580805
RABBIT,CUP,0.11570723399753025
BOWL,CUP,0.047567913467935874
CUP,CUP,1.0
BASKET,CUP,0.13882609553768166
CAT,CUP,0.29092306565392434
BATHROOM,DANCE,0.18275188159626943
ANIMAL,DANCE,0.04996734293579941
BEDROOM,DANCE,0.025934388804222053
CLEAN,DANCE,0.17126086788437167
BUTTERFLY,DANCE,0.056351239442408385
DANCE,DANCE,1.0
RABBIT,DANCE,0.09082428057810077
BOWL,DANCE,0.023088340919403372
BASKET,DANCE,0.11380630800189628
CAT,DANCE,0.2650024111290392
BATHROOM,BROKEN,0.17975984340886786
ANIMAL,BROKEN,0.04706890131869379
BEDROOM,BROKEN,0.02305222485151681
BROKEN,BROKEN,1.0
BOWL,BROKEN,0.020208211674748178
BASKET,BROKEN,0.11086259413068156
BATHROOM,BLUE,0.15986395941978238
ANIMAL,BLUE,0.027791568576782666
BLUE,BLUE,1.0
BEDROOM,BLUE,0.003887309729363686
BASKET,BLUE,0.0912881940134822
BATHROOM,BEACH,0.1544953822300803
ANIMAL,BEACH,0.0225898374471738
BEACH,BEACH,1.0
BASKET,BEACH,0.0860060919159018
BATHROOM,DUCK,0.13189028447253293
ANIMAL,DUCK,0.0006882399978840326
DOG,DUCK,0.03037208706108796
CLEAN,DUCK,0.12053661355400447
DUCK,DUCK,1.0
DOOR,DUCK,0.08380250309784287
DARK,DUCK,0.117548644782703
BUTTERFLY,DUCK,0.006995834952621571
RABBIT,DUCK,0.04105786506223197
BASKET,DUCK,0.06376622425331302
CAT,DUCK,0.2131616107562806
BATHROOM,CAR,0.10080859297903633
CAR,CAR,1.0
RABBIT,CAR,0.010645592517157354
BASKET,CAR,0.03318608829412106
BATHROOM,DEER,0.08102919602580805
CLEAN,DEER,0.06981185054662387
DARK,DEER,0.06685999784320984
DEER,DEER,1.0
BASKET,DEER,0.013726140504729756
CAT,DEER,0.16132030170650946
BATHROOM,BOX,0.08102919602580805
BASKET,BOX,0.013726140504729756
BOX,BOX,1.0
BATHROOM,BEAR,0.030168107579084058
BEAR,BEAR,1.0
BATHROOM,CLOCK,0.030168107579084058
CLEAN,CLOCK,0.019087596216256664
CLOCK,CLOCK,1.0
CAT,CLOCK,0.10947950133375084
JUMP,JUMP,1.0
JUMPER,JUMPER,1.0
KICK,KICK,1.0
DINNER,DINNER,1.0
COW,COW,1.0
DIRTY,DIRTY,1.0
CAT,DIRTY,0.044678119360043844
BOAT,BOAT,1.0
KISS,KISS,1.0
SOFA,SOFA,1.0
ANIMAL,ANIMAL,1.0
ANIMAL,BASKET,0.1916460991594624
BABY,BASKET,0.025640373491009782
BASKET,BASKET,1.0
SHOP,SHOP,1.0
DISH,DISH,1.0
DOCTOR,DOCTOR,1.0
COT,COT,1.0
BLOW,BLOW,1.0
COFFEE,COFFEE,1.0
DUMMY,DUMMY,1.0
CRY,CRY,1.0
MEDICINE,MEDICINE,1.0
MUMMY,MUMMY,1.0
BIG,BIG,1.0
MONKEY,MONKEY,1.0
BABY,BABY,1.0
TOOTHBRUSH,TOOTHBRUSH,1.0
SEE,TOOTHBRUSH,0.031731780715444025
PRETTY,TOOTHBRUSH,0.031731780715444025
MORNING,MORNING,1.0
BICYCLE,BICYCLE,1.0
NASTY,NASTY,1.0
NECKLACE,NECKLACE,1.0
RUN,RUN,1.0
RUBBISH,RUBBISH,1.0
BIRD,BIRD,1.0
CLOSE,CLOSE,1.0
CHICKEN,CHICKEN,1.0
DROP,DROP,1.0
DRIVE,DRIVE,1.0
CHILD,CHILD,1.0
DRAWER,DRAWER,1.0
TROUSERS,TROUSERS,1.0
PYJAMAS,PYJAMAS,1.0
CHURCH,CHURCH,1.0
CAT,CHURCH,0.044678119360043844
BED,BED,1.0
LUNCH,LUNCH,1.0
DRAW,DRAW,1.0
MAN,MAN,1.0
BISCUIT,BISCUIT,1.0
THROW,THROW,1.0
JUICE,JUICE,1.0
CHIPS,CHIPS,1.0
PLAY,PLAY,1.0
CAKE,CAKE,1.0
BALLOON,BALLOON,1.0
BANANA,BANANA,1.0
SOAP,SOAP,1.0
PIZZA,PIZZA,1.0
BUCKET,BUCKET,1.0
BROTHER,BROTHER,1.0
BROOM,BROOM,1.0
CARROTS,CARROTS,1.0
DADDY,DADDY,1.0
SOCK,SOCK,1.0
GARDEN,GARDEN,1.0
ZIP,ZIP,1.0
YOU,YOU,1.0
BUTTER,BUTTER,1.0
PRETTY,RAIN,0.0355143029802365
RAIN,RAIN,1.0
WRITE,WRITE,1.0
GARAGE,GARAGE,1.0
APPLE,APPLE,1.0
GIVE,GIVE,1.0
BUS,BUS,1.0
BUTTON,BUTTON,1.0
FRIEND,FRIEND,1.0
BALL,BALL,1.0
PUSHCHAIR,PUSHCHAIR,1.0
DAY,DAY,1.0
CAT,DAY,0.00579688323420946
STAIRS,STAIRS,1.0
BREAKFAST,BREAKFAST,1.0
PHONE,PHONE,1.0
FINGER,FINGER,1.0
CATCH,CATCH,1.0
CEREAL,CEREAL,1.0
BOTTLE,BOTTLE,1.0
JAM,JAM,1.0
BOOTS,BOOTS,1.0
JUG,JUG,1.0
BATH,BATH,1.0
HAPPY,HAPPY,1.0
PIG,PIG,1.0
FIRE ENGINE,FIRE ENGINE,1.0
BOY,BOY,1.0
BREAD,BREAD,1.0
ARM,ARM,1.0
AGAIN,AGAIN,0.0
ALL,ALL,0.0
ALL GONE,ALL GONE,0.0
ANOTHER,ANOTHER,0.0
ASLEEP,ASLEEP,0.0
AUNT,AUNT,0.0
AWAY,AWAY,0.0
BAA BAA,BAA BAA,0.0
BACK (PLACE),BACK (PLACE),0.0
BAD,BAD,0.0
BELLY BUTTON,BELLY BUTTON,0.0
BIB,BIB,0.0
BITE,BITE,0.0
BLANKET,BLANKET,0.0
BLOCK,BLOCK,0.0
BREAK,BREAK,0.0
BRING,BRING,0.0
BRUSH (OBJECT),BRUSH (OBJECT),0.0
BUBBLES,BUBBLES,0.0
BUMP,BUMP,0.0
BYE BYE,BYE BYE,0.0
CALL,CALL,0.0
CAREFUL,CAREFUL,0.0
CARRY,CARRY,0.0
CHASE,CHASE,0.0
CHEESE,CHEESE,0.0
CHICKEN (ANIMAL),CHICKEN (ANIMAL),0.0
CHOO CHOO,CHOO CHOO,0.0
CLEAN (ACTION),CLEAN (ACTION),0.0
COCKADOODLEDOO,COCKADOODLEDOO,0.0
COLD,COLD,0.0
COMB (OBJECT),COMB (OBJECT),0.0
COOKER,COOKER,0.0
CUDDLE,CUDDLE,0.0
CUT,CUT,0.0
DON'T,DON'T,0.0
DOWN,DOWN,0.0
DRESS (OBJECT),DRESS (OBJECT),0.0
DRINK,DRINK,0.0
DRINK (ACTION),DRINK (ACTION),0.0
DRY (DESCRIPTION),DRY (DESCRIPTION),0.0
EAT,EAT,0.0
FAST,FAST,0.0
FEED,FEED,0.0
FIND,FIND,0.0
FINE,FINE,0.0
FINISH,FINISH,0.0
FISH (FOOD),FISH (FOOD),0.0
FROG,FROG,0.0
GENTLE,GENTLE,0.0
GET,GET,0.0
GO,GO,0.0
GOOD,GOOD,0.0
GOODNIGHT,GOODNIGHT,0.0
GRANDPA,GRANDPA,0.0
GRR,GRR,0.0
HARD,HARD,0.0
HAVE,HAVE,0.0
HEAR,HEAR,0.0
HELLO,HELLO,0.0
HELP,HELP,0.0
HI,HI,0.0
HIGH CHAIR,HIGH CHAIR,0.0
HIS,HIS,0.0
HIT,HIT,0.0
HOOVER,HOOVER,0.0
HOT,HOT,0.0
HOW,HOW,0.0
HUG,HUG,0.0
HUNGRY,HUNGRY,0.0
HURRY,HURRY,0.0
HURT,HURT,0.0
I,I,0.0
ICE CREAM,ICE CREAM,0.0
IN,IN,0.0
INSIDE,INSIDE,0.0
IT,IT,0.0
KNOW,KNOW,0.0
LATER,LATER,0.0
LIGHT (OBJECT),LIGHT (OBJECT),0.0
LIKE,LIKE,0.0
LITTLE (DESCRIPTION),LITTLE (DESCRIPTION),0.0
LOVE,LOVE,0.0
MAKE,MAKE,0.0
MEAT,MEAT,0.0
MEOW,MEOW,0.0
MINE,MINE,0.0
MOO,MOO,0.0
MORE,MORE,0.0
MOUTH,MOUTH,0.0
MUG,MUG,0.0
MY,MY,0.0
NAIL (BODY PART),NAIL (BODY PART),0.0
NAP,NAP,0.0
NAPPY,NAPPY,0.0
NAUGHTY,NAUGHTY,0.0
NICE,NICE,0.0
NO,NO,0.0
NONE,NONE,0.0
NOT,NOT,0.0
NOW,NOW,0.0
OFF,OFF,0.0
OLD,OLD,0.0
ON,ON,0.0
OPEN,OPEN,0.0
ORANGE (FOOD),ORANGE (FOOD),0.0
OTHER,OTHER,0.0
OUCH,OUCH,0.0
OUT,OUT,0.0
PATTYCAKE,PATTYCAKE,0.0
PEAS,PEAS,0.0
PLAY PEN,PLAY PEN,0.0
PLEASE,PLEASE,0.0
PONY,PONY,0.0
POTTY,POTTY,0.0
PULL,PULL,0.0
PUSH,PUSH,0.0
PUT,PUT,0.0
QUACK,QUACK,0.0
RADIO,RADIO,0.0
RIDE,RIDE,0.0
SAD,SAD,0.0
SAME,SAME,0.0
SAY,SAY,0.0
SCARED,SCARED,0.0
SCHOOL,SCHOOL,0.0
SCISSORS,SCISSORS,0.0
SHH,SHH,0.0
SICK,SICK,0.0
SING,SING,0.0
SLEEP,SLEEP,0.0
SLEEPY,SLEEPY,0.0
SLIDE (OBJECT),SLIDE (OBJECT),0.0
SMELL,SMELL,0.0
SOFT,SOFT,0.0
SOME,SOME,0.0
SPADE,SPADE,0.0
SPLASH,SPLASH,0.0
SWEETS,SWEETS,0.0
SWIM,SWIM,0.0
SWING (ACTION),SWING (ACTION),0.0
SWING (OBJECT),SWING (OBJECT),0.0
TAKE,TAKE,0.0
TEA,TEA,0.0
TEA (DRINK),TEA (DRINK),0.0
TELL,TELL,0.0
THANK YOU,THANK YOU,0.0
THAT,THAT,0.0
THERE,THERE,0.0
THIRSTY,THIRSTY,0.0
THIS,THIS,0.0
TICKLE,TICKLE,0.0
TIRED,TIRED,0.0
TODAY,TODAY,0.0
TOMORROW,TOMORROW,0.0
TONGUE,TONGUE,0.0
TONIGHT,TONIGHT,0.0
TOOTH,TOOTH,0.0
TOY (OBJECT),TOY (OBJECT),0.0
TUMMY,TUMMY,0.0
UHOH,UHOH,0.0
UNDER,UNDER,0.0
VROOM,VROOM,0.0
WAIT,WAIT,0.0
WALK,WALK,0.0
WANT TO,WANT TO,0.0
WASH,WASH,0.0
WATCH (ACTION),WATCH (ACTION),0.0
WATCH (OBJECT),WATCH (OBJECT),0.0
WATER (OUTSIDE),WATER (OUTSIDE),0.0
WET,WET,0.0
WHAT,WHAT,0.0
WHEN,WHEN,0.0
WHERE,WHERE,0.0
WHO,WHO,0.0
WHY,WHY,0.0
WIPE,WIPE,0.0
WOOF,WOOF,0.0
WORK (PLACE),WORK (PLACE),0.0
YES,YES,0.0
YOUR,YOUR,0.0
YUM,YUM,0.0
ZOO,ZOO,0.0
AGAIN,AGAIN,0.0
ALL,ALL,0.0
ALL GONE,ALL GONE,0.0
ANOTHER,ANOTHER,0.0
ASLEEP,ASLEEP,0.0
AUNT,AUNT,0.0
AWAY,AWAY,0.0
BAA BAA,BAA BAA,0.0
BACK (PLACE),BACK (PLACE),0.0
BAD,BAD,0.0
BELLY BUTTON,BELLY BUTTON,0.0
BIB,BIB,0.0
BITE,BITE,0.0
BLANKET,BLANKET,0.0
BLOCK,BLOCK,0.0
BREAK,BREAK,0.0
BRING,BRING,0.0
BRUSH (OBJECT),BRUSH (OBJECT),0.0
BUBBLES,BUBBLES,0.0
BUMP,BUMP,0.0
BYE BYE,BYE BYE,0.0
CALL,CALL,0.0
CAREFUL,CAREFUL,0.0
CARRY,CARRY,0.0
CHASE,CHASE,0.0
CHEESE,CHEESE,0.0
CHICKEN (ANIMAL),CHICKEN (ANIMAL),0.0
CHOO CHOO,CHOO CHOO,0.0
CLEAN (ACTION),CLEAN (ACTION),0.0
COCKADOODLEDOO,COCKADOODLEDOO,0.0
COLD,COLD,0.0
COMB (OBJECT),COMB (OBJECT),0.0
COOKER,COOKER,0.0
CUDDLE,CUDDLE,0.0
CUT,CUT,0.0
DON'T,DON'T,0.0
DOWN,DOWN,0.0
DRESS (OBJECT),DRESS (OBJECT),0.0
DRINK,DRINK,0.0
DRINK (ACTION),DRINK (ACTION),0.0
DRY (DESCRIPTION),DRY (DESCRIPTION),0.0
EAT,EAT,0.0
FAST,FAST,0.0
FEED,FEED,0.0
FIND,FIND,0.0
FINE,FINE,0.0
FINISH,FINISH,0.0
FISH (FOOD),FISH (FOOD),0.0
FROG,FROG,0.0
GENTLE,GENTLE,0.0
GET,GET,0.0
GO,GO,0.0
GOOD,GOOD,0.0
GOODNIGHT,GOODNIGHT,0.0
GRANDPA,GRANDPA,0.0
GRR,GRR,0.0
HARD,HARD,0.0
HAVE,HAVE,0.0
HEAR,HEAR,0.0
HELLO,HELLO,0.0
HELP,HELP,0.0
HI,HI,0.0
HIGH CHAIR,HIGH CHAIR,0.0
HIS,HIS,0.0
HIT,HIT,0.0
HOOVER,HOOVER,0.0
HOT,HOT,0.0
HOW,HOW,0.0
HUG,HUG,0.0
HUNGRY,HUNGRY,0.0
HURRY,HURRY,0.0
HURT,HURT,0.0
I,I,0.0
ICE CREAM,ICE CREAM,0.0
IN,IN,0.0
INSIDE,INSIDE,0.0
IT,IT,0.0
KNOW,KNOW,0.0
LATER,LATER,0.0
LIGHT (OBJECT),LIGHT (OBJECT),0.0
LIKE,LIKE,0.0
LITTLE (DESCRIPTION),LITTLE (DESCRIPTION),0.0
LOVE,LOVE,0.0
MAKE,MAKE,0.0
MEAT,MEAT,0.0
MEOW,MEOW,0.0
MINE,MINE,0.0
MOO,MOO,0.0
MORE,MORE,0.0
MOUTH,MOUTH,0.0
MUG,MUG,0.0
MY,MY,0.0
NAIL (BODY PART),NAIL (BODY PART),0.0
NAP,NAP,0.0
NAPPY,NAPPY,0.0
NAUGHTY,NAUGHTY,0.0
NICE,NICE,0.0
NO,NO,0.0
NONE,NONE,0.0
NOT,NOT,0.0
NOW,NOW,0.0
OFF,OFF,0.0
OLD,OLD,0.0
ON,ON,0.0
OPEN,OPEN,0.0
ORANGE (FOOD),ORANGE (FOOD),0.0
OTHER,OTHER,0.0
OUCH,OUCH,0.0
OUT,OUT,0.0
PATTYCAKE,PATTYCAKE,0.0
PEAS,PEAS,0.0
PLAY PEN,PLAY PEN,0.0
PLEASE,PLEASE,0.0
PONY,PONY,0.0
POTTY,POTTY,0.0
PULL,PULL,0.0
PUSH,PUSH,0.0
PUT,PUT,0.0
QUACK,QUACK,0.0
RADIO,RADIO,0.0
RIDE,RIDE,0.0
SAD,SAD,0.0
SAME,SAME,0.0
SAY,SAY,0.0
SCARED,SCARED,0.0
SCHOOL,SCHOOL,0.0
SCISSORS,SCISSORS,0.0
SHH,SHH,0.0
SICK,SICK,0.0
SING,SING,0.0
SLEEP,SLEEP,0.0
SLEEPY,SLEEPY,0.0
SLIDE (OBJECT),SLIDE (OBJECT),0.0
SMELL,SMELL,0.0
SOFT,SOFT,0.0
SOME,SOME,0.0
SPADE,SPADE,0.0
SPLASH,SPLASH,0.0
SWEETS,SWEETS,0.0
SWIM,SWIM,0.0
SWING (ACTION),SWING (ACTION),0.0
SWING (OBJECT),SWING (OBJECT),0.0
TAKE,TAKE,0.0
TEA,TEA,0.0
TEA (DRINK),TEA (DRINK),0.0
TELL,TELL,0.0
THANK YOU,THANK YOU,0.0
THAT,THAT,0.0
THERE,THERE,0.0
THIRSTY,THIRSTY,0.0
THIS,THIS,0.0
TICKLE,TICKLE,0.0
TIRED,TIRED,0.0
TODAY,TODAY,0.0
TOMORROW,TOMORROW,0.0
TONGUE,TONGUE,0.0
TONIGHT,TONIGHT,0.0
TOOTH,TOOTH,0.0
TOY (OBJECT),TOY (OBJECT),0.0
TUMMY,TUMMY,0.0
UHOH,UHOH,0.0
UNDER,UNDER,0.0
VROOM,VROOM,0.0
WAIT,WAIT,0.0
WALK,WALK,0.0
WANT TO,WANT TO,0.0
WASH,WASH,0.0
WATCH (ACTION),WATCH (ACTION),0.0
WATCH (OBJECT),WATCH (OBJECT),0.0
WATER (OUTSIDE),WATER (OUTSIDE),0.0
WET,WET,0.0
WHAT,WHAT,0.0
WHEN,WHEN,0.0
WHERE,WHERE,0.0
WHO,WHO,0.0
WHY,WHY,0.0
WIPE,WIPE,0.0
WOOF,WOOF,0.0
WORK (PLACE),WORK (PLACE),0.0
YES,YES,0.0
YOUR,YOUR,0.0
YUM,YUM,0.0
ZOO,ZOO,0.0
